
#if defined(LV_LVGL_H_INCLUDE_SIMPLE)
#include "lvgl.h"
#elif defined(LV_BUILD_TEST)
#include "../lvgl.h"
#else
#include "lvgl/lvgl.h"
#endif


#ifndef LV_ATTRIBUTE_MEM_ALIGN
#define LV_ATTRIBUTE_MEM_ALIGN
#endif

#ifndef LV_ATTRIBUTE_WAVES_DEMO
#define LV_ATTRIBUTE_WAVES_DEMO
#endif

static const
LV_ATTRIBUTE_MEM_ALIGN LV_ATTRIBUTE_LARGE_CONST LV_ATTRIBUTE_WAVES_DEMO
uint8_t waves_demo_map[] = {

    0x01,0x00,0x00,0x00,0x48,0x4d,0x00,0x00,0x80,0x54,0x03,0x00,0x7f,0x00,0x00,0x7f,
    0x00,0x00,0x7f,0x00,0x00,0x7f,0x00,0x00,0x7f,0x00,0x00,0x7f,0x00,0x00,0x7f,0x00,
    0x00,0x7f,0x00,0x00,0x7f,0x00,0x00,0x7f,0x00,0x00,0x7f,0x00,0x00,0x7f,0x00,0x00,
    0x7f,0x00,0x00,0x7f,0x00,0x00,0x7f,0x00,0x00,0x7f,0x00,0x00,0x7f,0x00,0x00,0x7f,
    0x00,0x00,0x7f,0x00,0x00,0x7f,0x00,0x00,0x7f,0x00,0x00,0x7f,0x00,0x00,0x7f,0x00,
    0x00,0x7f,0x00,0x00,0x7f,0x00,0x00,0x7f,0x00,0x00,0x7f,0x00,0x00,0x7f,0x00,0x00,
    0x7f,0x00,0x00,0x7f,0x00,0x00,0x7f,0x00,0x00,0x7f,0x00,0x00,0x7f,0x00,0x00,0x7f,
    0x00,0x00,0x7f,0x00,0x00,0x7f,0x00,0x00,0x7f,0x00,0x00,0x7f,0x00,0x00,0x7f,0x00,
    0x00,0x7f,0x00,0x00,0x7f,0x00,0x00,0x7f,0x00,0x00,0x7f,0x00,0x00,0x7f,0x00,0x00,
    0x7f,0x00,0x00,0x7f,0x00,0x00,0x7f,0x00,0x00,0x7f,0x00,0x00,0x7f,0x00,0x00,0x7f,
    0x00,0x00,0x7f,0x00,0x00,0x7f,0x00,0x00,0x7f,0x00,0x00,0x7f,0x00,0x00,0x7f,0x00,
    0x00,0x7f,0x00,0x00,0x7f,0x00,0x00,0x7f,0x00,0x00,0x7f,0x00,0x00,0x7f,0x00,0x00,
    0x7f,0x00,0x00,0x7f,0x00,0x00,0x7f,0x00,0x00,0x7f,0x00,0x00,0x7f,0x00,0x00,0x7f,
    0x00,0x00,0x7f,0x00,0x00,0x7f,0x00,0x00,0x7f,0x00,0x00,0x7f,0x00,0x00,0x7f,0x00,
    0x00,0x7f,0x00,0x00,0x7f,0x00,0x00,0x7f,0x00,0x00,0x7f,0x00,0x00,0x7f,0x00,0x00,
    0x7f,0x00,0x00,0x7f,0x00,0x00,0x7f,0x00,0x00,0x7f,0x00,0x00,0x7f,0x00,0x00,0x7f,
    0x00,0x00,0x7f,0x00,0x00,0x7f,0x00,0x00,0x7f,0x00,0x00,0x7f,0x00,0x00,0x7f,0x00,
    0x00,0x7f,0x00,0x00,0x7f,0x00,0x00,0x7f,0x00,0x00,0x7f,0x00,0x00,0x7f,0x00,0x00,
    0x7f,0x00,0x00,0x7f,0x00,0x00,0x7f,0x00,0x00,0x7f,0x00,0x00,0x7f,0x00,0x00,0x7f,
    0x00,0x00,0x7f,0x00,0x00,0x7f,0x00,0x00,0x7f,0x00,0x00,0x7f,0x00,0x00,0x7f,0x00,
    0x00,0x7f,0x00,0x00,0x7f,0x00,0x00,0x7f,0x00,0x00,0x7f,0x00,0x00,0x7f,0x00,0x00,
    0x7f,0x00,0x00,0x7f,0x00,0x00,0x7f,0x00,0x00,0x7f,0x00,0x00,0x7f,0x00,0x00,0x7f,
    0x00,0x00,0x7f,0x00,0x00,0x7f,0x00,0x00,0x7f,0x00,0x00,0x7f,0x00,0x00,0x7f,0x00,
    0x00,0x7f,0x00,0x00,0x7f,0x00,0x00,0x7f,0x00,0x00,0x7f,0x00,0x00,0x7f,0x00,0x00,
    0x7f,0x00,0x00,0x7f,0x00,0x00,0x7f,0x00,0x00,0x7f,0x00,0x00,0x7f,0x00,0x00,0x7f,
    0x00,0x00,0x7f,0x00,0x00,0x7f,0x00,0x00,0x7f,0x00,0x00,0x7f,0x00,0x00,0x7f,0x00,
    0x00,0x7f,0x00,0x00,0x7f,0x00,0x00,0x7f,0x00,0x00,0x7f,0x00,0x00,0x7f,0x00,0x00,
    0x7f,0x00,0x00,0x7f,0x00,0x00,0x7f,0x00,0x00,0x7f,0x00,0x00,0x7f,0x00,0x00,0x7f,
    0x00,0x00,0x7f,0x00,0x00,0x7f,0x00,0x00,0x7f,0x00,0x00,0x7f,0x00,0x00,0x7f,0x00,
    0x00,0x7f,0x00,0x00,0x7f,0x00,0x00,0x7f,0x00,0x00,0x7f,0x00,0x00,0x7f,0x00,0x00,
    0x7f,0x00,0x00,0x7f,0x00,0x00,0x7f,0x00,0x00,0x7f,0x00,0x00,0x7f,0x00,0x00,0x7f,
    0x00,0x00,0x7f,0x00,0x00,0x7f,0x00,0x00,0x7f,0x00,0x00,0x7f,0x00,0x00,0x7f,0x00,
    0x00,0x7f,0x00,0x00,0x7f,0x00,0x00,0x7f,0x00,0x00,0x7f,0x00,0x00,0x7f,0x00,0x00,
    0x7f,0x00,0x00,0x7f,0x00,0x00,0x7f,0x00,0x00,0x7f,0x00,0x00,0x7f,0x00,0x00,0x7f,
    0x00,0x00,0x7f,0x00,0x00,0x7f,0x00,0x00,0x7f,0x00,0x00,0x7f,0x00,0x00,0x7f,0x00,
    0x00,0x7f,0x00,0x00,0x7f,0x00,0x00,0x7f,0x00,0x00,0x7f,0x00,0x00,0x7f,0x00,0x00,
    0x7f,0x00,0x00,0x7f,0x00,0x00,0x7f,0x00,0x00,0x7f,0x00,0x00,0x7f,0x00,0x00,0x7f,
    0x00,0x00,0x7f,0x00,0x00,0x7f,0x00,0x00,0x7f,0x00,0x00,0x7f,0x00,0x00,0x7f,0x00,
    0x00,0x7f,0x00,0x00,0x7f,0x00,0x00,0x7f,0x00,0x00,0x7f,0x00,0x00,0x7f,0x00,0x00,
    0x7f,0x00,0x00,0x7f,0x00,0x00,0x7f,0x00,0x00,0x7f,0x00,0x00,0x7f,0x00,0x00,0x7f,
    0x00,0x00,0x7f,0x00,0x00,0x7f,0x00,0x00,0x7f,0x00,0x00,0x7f,0x00,0x00,0x7f,0x00,
    0x00,0x7f,0x00,0x00,0x7f,0x00,0x00,0x7f,0x00,0x00,0x7f,0x00,0x00,0x7f,0x00,0x00,
    0x7f,0x00,0x00,0x7f,0x00,0x00,0x7f,0x00,0x00,0x7f,0x00,0x00,0x7f,0x00,0x00,0x7f,
    0x00,0x00,0x7f,0x00,0x00,0x7f,0x00,0x00,0x7f,0x00,0x00,0x7f,0x00,0x00,0x7f,0x00,
    0x00,0x7f,0x00,0x00,0x7f,0x00,0x00,0x7f,0x00,0x00,0x7f,0x00,0x00,0x7f,0x00,0x00,
    0x7f,0x00,0x00,0x7f,0x00,0x00,0x7f,0x00,0x00,0x7f,0x00,0x00,0x7f,0x00,0x00,0x7f,
    0x00,0x00,0x7f,0x00,0x00,0x7f,0x00,0x00,0x7f,0x00,0x00,0x7f,0x00,0x00,0x7f,0x00,
    0x00,0x7f,0x00,0x00,0x7f,0x00,0x00,0x7f,0x00,0x00,0x7f,0x00,0x00,0x7f,0x00,0x00,
    0x7f,0x00,0x00,0x7f,0x00,0x00,0x7f,0x00,0x00,0x7f,0x00,0x00,0x7f,0x00,0x00,0x7f,
    0x00,0x00,0x7f,0x00,0x00,0x7f,0x00,0x00,0x7f,0x00,0x00,0x7f,0x00,0x00,0x7f,0x00,
    0x00,0x7f,0x00,0x00,0x7f,0x00,0x00,0x7f,0x00,0x00,0x7f,0x00,0x00,0x7f,0x00,0x00,
    0x7f,0x00,0x00,0x7f,0x00,0x00,0x7f,0x00,0x00,0x7f,0x00,0x00,0x7f,0x00,0x00,0x7f,
    0x00,0x00,0x7f,0x00,0x00,0x7f,0x00,0x00,0x7f,0x00,0x00,0x7f,0x00,0x00,0x7f,0x00,
    0x00,0x7f,0x00,0x00,0x7f,0x00,0x00,0x7f,0x00,0x00,0x7f,0x00,0x00,0x7f,0x00,0x00,
    0x7f,0x00,0x00,0x7f,0x00,0x00,0x7f,0x00,0x00,0x7f,0x00,0x00,0x7f,0x00,0x00,0x7f,
    0x00,0x00,0x7f,0x00,0x00,0x7f,0x00,0x00,0x7f,0x00,0x00,0x7f,0x00,0x00,0x7f,0x00,
    0x00,0x7f,0x00,0x00,0x7f,0x00,0x00,0x7f,0x00,0x00,0x7f,0x00,0x00,0x7f,0x00,0x00,
    0x7f,0x00,0x00,0x7f,0x00,0x00,0x7f,0x00,0x00,0x7f,0x00,0x00,0x7f,0x00,0x00,0x7f,
    0x00,0x00,0x7f,0x00,0x00,0x7f,0x00,0x00,0x7f,0x00,0x00,0x7f,0x00,0x00,0x7f,0x00,
    0x00,0x7f,0x00,0x00,0x7f,0x00,0x00,0x7f,0x00,0x00,0x7f,0x00,0x00,0x7f,0x00,0x00,
    0x7f,0x00,0x00,0x7f,0x00,0x00,0x7f,0x00,0x00,0x7f,0x00,0x00,0x7f,0x00,0x00,0x7f,
    0x00,0x00,0x7f,0x00,0x00,0x7f,0x00,0x00,0x7f,0x00,0x00,0x7f,0x00,0x00,0x7f,0x00,
    0x00,0x7f,0x00,0x00,0x7f,0x00,0x00,0x7d,0x00,0x00,0x8b,0x22,0x00,0x22,0x00,0x85,
    0x10,0xe8,0x28,0xce,0x49,0xce,0x49,0xce,0x49,0x4c,0x39,0xa5,0x10,0x22,0x00,0x00,
    0x00,0x7f,0x00,0x00,0x7f,0x00,0x00,0x7f,0x00,0x00,0x2d,0x00,0x00,0x90,0x01,0x00,
    0x85,0x10,0x4c,0x39,0x32,0x62,0x32,0x62,0x13,0x62,0x92,0x59,0xb5,0x61,0xb5,0x61,
    0xb5,0x61,0x13,0x62,0xb0,0x51,0x32,0x62,0x85,0x10,0x22,0x00,0x00,0x00,0x7f,0x00,
    0x00,0x7f,0x00,0x00,0x7f,0x00,0x00,0x28,0x00,0x00,0x97,0x43,0x08,0xa7,0x18,0x13,
    0x62,0x71,0x49,0x75,0x59,0x94,0x61,0x53,0x51,0xd2,0x50,0x53,0x51,0x53,0x51,0x53,
    0x51,0xf3,0x50,0xd2,0x50,0xd2,0x50,0xd2,0x50,0x53,0x51,0x94,0x61,0x53,0x51,0x96,
    0x72,0x32,0x62,0xa7,0x18,0x22,0x00,0x00,0x00,0x7f,0x00,0x00,0x7f,0x00,0x00,0x7f,
    0x00,0x00,0x22,0x00,0x00,0x9b,0x01,0x00,0x43,0x08,0xb0,0x51,0x96,0x72,0x94,0x61,
    0x14,0x59,0xf3,0x50,0xd2,0x50,0xd2,0x50,0xd2,0x50,0xd1,0x40,0xd1,0x40,0xd1,0x40,
    0xd1,0x40,0xd1,0x40,0xd1,0x40,0xd1,0x40,0xd1,0x40,0xd2,0x50,0xf3,0x50,0xb7,0x71,
    0x94,0x61,0x13,0x62,0x32,0x62,0x85,0x10,0x22,0x00,0x00,0x00,0x55,0x00,0x00,0x8a,
    0x22,0x00,0x06,0x19,0x13,0x62,0x13,0x62,0x85,0x10,0xa5,0x10,0xa5,0x10,0x22,0x00,
    0x01,0x00,0x00,0x00,0x7f,0x00,0x00,0x7f,0x00,0x00,0x3e,0x00,0x00,0xa0,0x22,0x00,
    0x65,0x08,0x96,0x72,0x53,0x51,0x1b,0x8b,0x14,0x59,0xf3,0x50,0xf3,0x50,0xf3,0x50,
    0xd2,0x50,0xd1,0x40,0xd2,0x50,0xd2,0x50,0xd1,0x40,0x11,0x41,0xd1,0x40,0xd0,0x38,
    0xd1,0x40,0xd0,0x38,0xd0,0x38,0xd1,0x40,0xd2,0x40,0xd2,0x50,0xd2,0x50,0xd2,0x50,
    0xd2,0x50,0x53,0x51,0xb5,0x61,0x90,0x49,0x4c,0x39,0x22,0x00,0x00,0x00,0x4f,0x00,
    0x00,0x93,0x4c,0x39,0x32,0x62,0x92,0x59,0x92,0x59,0x94,0x61,0xb7,0x71,0xb7,0x71,
    0x14,0x59,0x94,0x61,0x57,0x72,0x94,0x61,0xb5,0x61,0x96,0x72,0x96,0x72,0x32,0x62,
    0x32,0x62,0xe8,0x28,0x0e,0x39,0x00,0x00,0x7f,0x00,0x00,0x7f,0x00,0x00,0x37,0x00,
    0x00,0xa2,0x01,0x00,0xb0,0x51,0x96,0x72,0x53,0x51,0x94,0x61,0xd1,0x40,0xd2,0x40,
    0xf3,0x50,0xd1,0x40,0xf3,0x50,0xd2,0x50,0xd2,0x50,0xd2,0x50,0xd2,0x50,0x52,0x49,
    0x53,0x51,0xd1,0x40,0xd0,0x38,0xd1,0x40,0xd0,0x38,0xd0,0x38,0xd1,0x40,0xd2,0x40,
    0xd2,0x50,0xd2,0x50,0xd1,0x40,0xd1,0x40,0xd2,0x50,0xd2,0x50,0x57,0x72,0x4c,0x39,
    0xb0,0x51,0x43,0x08,0x00,0x00,0x4c,0x00,0x00,0x98,0x43,0x08,0x4c,0x39,0x4c,0x39,
    0xb5,0x61,0xf3,0x50,0xd2,0x50,0x14,0x59,0x14,0x59,0x14,0x59,0x14,0x59,0x94,0x61,
    0x14,0x59,0x14,0x59,0x14,0x59,0xf3,0x50,0x14,0x59,0xb7,0x71,0xb7,0x71,0xe8,0x28,
    0x90,0x49,0xc9,0x20,0x85,0x10,0x01,0x00,0x00,0x00,0x7f,0x00,0x00,0x7f,0x00,0x00,
    0x33,0x00,0x00,0xa6,0x0b,0x31,0x13,0x62,0xb7,0x71,0xd6,0x61,0xd2,0x40,0xf3,0x50,
    0x53,0x51,0xd2,0x50,0xd2,0x40,0xd1,0x40,0xd0,0x38,0xd0,0x38,0x11,0x41,0x11,0x41,
    0xd0,0x38,0xd0,0x38,0xd1,0x40,0x11,0x41,0xd1,0x40,0xd1,0x40,0xd0,0x38,0xd0,0x38,
    0xd0,0x38,0xd0,0x38,0x11,0x41,0xd0,0x38,0x11,0x41,0xd2,0x40,0xd2,0x50,0xd2,0x50,
    0xf3,0x50,0x14,0x59,0xd2,0x50,0xb5,0x61,0x92,0x59,0xa5,0x10,0x22,0x00,0x00,0x00,
    0x47,0x00,0x00,0x9e,0x85,0x10,0xce,0x49,0x53,0x51,0x53,0x51,0xd2,0x50,0xf3,0x50,
    0xf3,0x50,0xd2,0x40,0x14,0x59,0xf3,0x50,0xf3,0x50,0xf3,0x50,0x14,0x59,0xf3,0x50,
    0x14,0x59,0x14,0x59,0x75,0x59,0x14,0x59,0xb7,0x71,0xb7,0x71,0xb7,0x71,0xb7,0x71,
    0x92,0x59,0x92,0x59,0x4c,0x39,0x92,0x59,0x0b,0x31,0xa7,0x18,0x01,0x00,0x00,0x00,
    0x41,0x00,0x00,0x82,0x01,0x00,0x00,0x00,0x7f,0x00,0x00,0x69,0x00,0x00,0xa9,0x01,
    0x00,0x85,0x10,0x57,0x72,0x94,0x61,0xf3,0x50,0x14,0x59,0xf3,0x50,0x53,0x51,0x52,
    0x49,0xd0,0x38,0x11,0x41,0x73,0x49,0xcf,0x30,0x11,0x41,0xcf,0x30,0xcf,0x30,0x11,
    0x41,0xd0,0x38,0xd0,0x38,0xd0,0x38,0xd0,0x38,0xd0,0x38,0xd1,0x40,0xd1,0x40,0xd1,
    0x40,0x11,0x41,0x11,0x41,0x52,0x49,0xd0,0x38,0x11,0x41,0xd0,0x38,0xd0,0x38,0x13,
    0x41,0xd1,0x40,0xf3,0x50,0x14,0x59,0x14,0x59,0x13,0x62,0x4c,0x39,0x01,0x00,0x00,
    0x00,0x45,0x00,0x00,0xa1,0x43,0x08,0x90,0x49,0x94,0x61,0xd2,0x40,0xd2,0x40,0xf3,
    0x50,0xf3,0x50,0x13,0x41,0xd1,0x40,0x13,0x41,0xd2,0x50,0xf3,0x50,0xf3,0x50,0x13,
    0x41,0xf3,0x50,0xf3,0x50,0xf3,0x50,0xf3,0x50,0x14,0x59,0x14,0x59,0xb7,0x71,0xb7,
    0x71,0xb7,0x71,0xb7,0x71,0xb7,0x71,0xb7,0x71,0xb7,0x71,0xb7,0x71,0xb7,0x71,0x0b,
    0x31,0xa7,0x18,0x22,0x00,0x00,0x00,0x3c,0x00,0x00,0x87,0x01,0x00,0xa5,0x10,0x2c,
    0x32,0x2c,0x32,0x06,0x19,0x84,0x08,0x00,0x00,0x7f,0x00,0x00,0x66,0x00,0x00,0xad,
    0x22,0x00,0x90,0x49,0xd2,0x50,0xd2,0x40,0xd2,0x40,0xd1,0x40,0xd1,0x40,0xd0,0x38,
    0xd0,0x38,0xd0,0x38,0xd0,0x38,0xcf,0x30,0xcf,0x30,0xcf,0x30,0x11,0x41,0xd0,0x38,
    0xd0,0x38,0xd0,0x38,0x11,0x39,0x11,0x39,0x11,0x39,0xcf,0x30,0xd0,0x38,0xd0,0x38,
    0xd0,0x38,0xd1,0x40,0xd0,0x38,0x11,0x41,0x11,0x41,0xcf,0x30,0xcf,0x30,0x11,0x41,
    0x11,0x41,0xd0,0x38,0x53,0x51,0xf3,0x50,0xf3,0x50,0xf3,0x50,0xf3,0x50,0x94,0x61,
    0x92,0x59,0x0e,0x39,0x22,0x00,0x43,0x08,0x00,0x00,0x40,0x00,0x00,0xa7,0x01,0x00,
    0xce,0x49,0x13,0x62,0xf3,0x50,0xf3,0x50,0xf3,0x50,0x75,0x59,0xf3,0x50,0x13,0x41,
    0xf2,0x38,0xf2,0x38,0xf2,0x38,0xf2,0x38,0x13,0x41,0x74,0x51,0x74,0x51,0x74,0x51,
    0xd1,0x40,0xf3,0x50,0xd2,0x40,0xd2,0x40,0xd2,0x50,0x53,0x51,0xb7,0x71,0xb7,0x71,
    0xb7,0x71,0xb7,0x71,0xb7,0x71,0xb7,0x71,0xb7,0x71,0xb7,0x71,0x74,0x51,0x74,0x51,
    0x53,0x51,0xd6,0x61,0x0b,0x31,0x43,0x08,0x22,0x00,0x00,0x00,0x36,0x00,0x00,0x8c,
    0x84,0x08,0xd6,0x5b,0xd6,0x4b,0x99,0x64,0xf6,0x4b,0xf8,0x4b,0x58,0x4c,0xf6,0x4b,
    0xd6,0x4b,0x51,0x53,0x22,0x00,0x00,0x00,0x7f,0x00,0x00,0x62,0x00,0x00,0xaf,0x4c,
    0x39,0x92,0x59,0xf3,0x50,0xd2,0x40,0xd1,0x40,0xd1,0x40,0xd0,0x38,0xd0,0x38,0xcf,
    0x30,0xcf,0x30,0xcf,0x30,0xd0,0x38,0xd0,0x38,0xd0,0x38,0x52,0x49,0xd0,0x38,0x11,
    0x39,0x11,0x39,0x51,0x31,0x11,0x39,0x11,0x39,0x11,0x39,0xd0,0x38,0xcf,0x30,0xcf,
    0x30,0xcf,0x30,0xd0,0x38,0x11,0x41,0xd0,0x38,0xd0,0x38,0xd1,0x40,0xd1,0x40,0xd1,
    0x40,0xd1,0x40,0xd1,0x40,0xd0,0x38,0xd2,0x40,0xd2,0x50,0xd2,0x50,0xf3,0x50,0xf3,
    0x50,0x14,0x59,0x94,0x61,0xb5,0x61,0xc9,0x18,0x22,0x00,0x00,0x00,0x3e,0x00,0x00,
    0xad,0x01,0x00,0x90,0x49,0x75,0x59,0xd2,0x50,0xf3,0x50,0xf3,0x50,0xf3,0x50,0xf3,
    0x50,0xd2,0x40,0xd1,0x40,0xf2,0x38,0xf2,0x38,0xf2,0x38,0xf2,0x38,0xf2,0x38,0xf2,
    0x38,0xf2,0x38,0xf2,0x38,0x13,0x41,0x13,0x41,0x74,0x51,0x53,0x51,0x94,0x61,0x53,
    0x51,0x53,0x51,0xd1,0x40,0xd1,0x40,0xd1,0x40,0x53,0x51,0x94,0x61,0x74,0x51,0x74,
    0x51,0x78,0x6a,0xd6,0x61,0x75,0x59,0xd6,0x61,0x74,0x51,0x75,0x59,0xf4,0x51,0x71,
    0x49,0x71,0x49,0x43,0x08,0x22,0x00,0x01,0x00,0x00,0x00,0x2f,0x00,0x00,0x90,0x43,
    0x08,0x48,0x19,0xb5,0x53,0x95,0x43,0xf6,0x4b,0x34,0x33,0x55,0x3b,0x97,0x33,0x35,
    0x2b,0x75,0x2b,0x55,0x3b,0xb2,0x2a,0xb5,0x53,0x51,0x53,0x01,0x00,0x00,0x00,0x7f,
    0x00,0x00,0x5f,0x00,0x00,0xb1,0x22,0x00,0x92,0x59,0x75,0x59,0xf3,0x50,0xd2,0x40,
    0xd1,0x40,0xd1,0x40,0xd0,0x38,0xd0,0x38,0xcf,0x30,0xcf,0x30,0xcf,0x30,0xd0,0x38,
    0xd0,0x38,0x10,0x31,0xd0,0x38,0xcf,0x30,0x11,0x39,0x11,0x39,0x51,0x31,0x11,0x39,
    0x11,0x39,0x11,0x39,0xd0,0x38,0xcf,0x30,0xcf,0x30,0xcf,0x30,0xd0,0x38,0x11,0x41,
    0x52,0x49,0xd0,0x38,0xd1,0x40,0xd1,0x40,0xd1,0x40,0xd1,0x40,0xd1,0x40,0xd1,0x40,
    0xd0,0x38,0xd2,0x50,0xd2,0x50,0xf3,0x50,0xf3,0x50,0x14,0x59,0x14,0x59,0xb5,0x61,
    0xb5,0x61,0xa7,0x18,0x22,0x00,0x00,0x00,0x3c,0x00,0x00,0xb1,0x22,0x00,0xa7,0x18,
    0x90,0x49,0xd2,0x50,0xd2,0x50,0xd2,0x40,0xf3,0x50,0xf3,0x50,0xd2,0x40,0xd2,0x40,
    0xd1,0x40,0xf2,0x38,0xf2,0x38,0xf2,0x38,0xd1,0x40,0xf2,0x38,0xf2,0x38,0x13,0x41,
    0xf2,0x38,0x74,0x51,0x74,0x51,0x74,0x51,0x53,0x51,0x53,0x51,0x53,0x51,0x53,0x51,
    0xcf,0x30,0x53,0x51,0x53,0x51,0x53,0x51,0x53,0x51,0x52,0x49,0x74,0x51,0x13,0x41,
    0x74,0x51,0xd2,0x40,0x53,0x51,0x74,0x51,0x73,0x49,0x90,0x49,0x71,0x49,0x71,0x49,
    0xcb,0x18,0xc9,0x18,0xce,0x39,0xc9,0x20,0x85,0x10,0x43,0x08,0x00,0x00,0x2b,0x00,
    0x00,0x92,0x22,0x00,0xf0,0x42,0xd6,0x5b,0x34,0x33,0xf6,0x4b,0x34,0x33,0xf6,0x4b,
    0x55,0x3b,0xf4,0x2a,0xf4,0x2a,0x35,0x2b,0xf4,0x2a,0x34,0x33,0xf4,0x2a,0x34,0x3b,
    0x48,0x19,0x22,0x00,0x00,0x00,0x7f,0x00,0x00,0x5d,0x00,0x00,0xc4,0x01,0x00,0x13,
    0x62,0x74,0x51,0xd2,0x40,0xf3,0x50,0xd1,0x40,0xd0,0x38,0xd0,0x38,0xd0,0x38,0xd0,
    0x38,0x10,0x31,0x10,0x31,0xcf,0x30,0xcf,0x30,0x11,0x41,0x11,0x39,0x0f,0x21,0xcf,
    0x30,0x10,0x31,0x10,0x31,0x51,0x31,0x51,0x31,0x70,0x29,0x70,0x29,0x0f,0x21,0x10,
    0x31,0x10,0x31,0x0f,0x21,0x10,0x31,0x11,0x41,0x11,0x41,0xcf,0x30,0xd0,0x38,0xcf,
    0x30,0x11,0x41,0x11,0x41,0x52,0x49,0x52,0x49,0x11,0x41,0xd1,0x40,0xd1,0x40,0xd2,
    0x50,0xd2,0x40,0xd2,0x50,0xd2,0x50,0x14,0x59,0xd2,0x40,0x90,0x49,0xf4,0x51,0x96,
    0x72,0xdd,0xac,0xdd,0xac,0x9a,0x84,0x9a,0x84,0x9a,0x84,0x1e,0x95,0x9a,0x84,0x5c,
    0x7c,0xd6,0x5b,0xd6,0x5b,0xd6,0x5b,0xf0,0x42,0x51,0x53,0x2c,0x32,0x89,0x21,0x06,
    0x19,0x84,0x08,0x00,0x00,0x2a,0x00,0x00,0xb5,0x90,0x49,0xb5,0x61,0xd1,0x40,0xd6,
    0x61,0xd2,0x40,0x13,0x41,0x13,0x41,0x13,0x41,0x13,0x41,0xf2,0x38,0x13,0x41,0x11,
    0x39,0x11,0x39,0x10,0x31,0xd0,0x38,0x11,0x39,0x73,0x49,0x11,0x39,0x52,0x39,0x73,
    0x49,0x73,0x49,0xd3,0x41,0x51,0x31,0x73,0x49,0x73,0x49,0xd4,0x49,0x92,0x39,0x52,
    0x49,0x52,0x49,0x51,0x31,0x52,0x49,0x52,0x49,0x52,0x49,0xd5,0x51,0xd5,0x51,0x52,
    0x49,0x52,0x49,0x52,0x49,0xd0,0x38,0xd0,0x38,0xd1,0x40,0xd1,0x40,0x13,0x41,0x13,
    0x41,0x36,0x49,0x57,0x49,0x57,0x49,0x0b,0x31,0x0e,0x39,0x0e,0x39,0xa5,0x10,0x01,
    0x00,0x00,0x00,0x24,0x00,0x00,0x96,0x43,0x08,0x85,0x10,0x57,0x64,0x58,0x6c,0x55,
    0x3b,0xf6,0x4b,0x34,0x33,0x34,0x33,0xb2,0x2a,0x71,0x22,0x34,0x33,0xf4,0x2a,0xf4,
    0x2a,0xb3,0x1a,0xf4,0x2a,0xb3,0x1a,0xf4,0x2a,0xd7,0x3b,0x95,0x43,0x58,0x6c,0x22,
    0x00,0x00,0x00,0x7f,0x00,0x00,0x5c,0x00,0x00,0xc7,0x43,0x08,0x94,0x61,0xd2,0x40,
    0xd2,0x40,0xd2,0x40,0x11,0x39,0xd0,0x38,0xd0,0x38,0xd0,0x38,0xcf,0x30,0xcf,0x30,
    0xcf,0x30,0x10,0x31,0x10,0x31,0x10,0x31,0x10,0x31,0x10,0x31,0x10,0x31,0x51,0x31,
    0x51,0x31,0x92,0x39,0x92,0x39,0xd3,0x41,0xd3,0x41,0xd3,0x41,0x51,0x31,0x51,0x31,
    0x51,0x31,0x51,0x31,0xcf,0x30,0x11,0x41,0x52,0x49,0x11,0x41,0x52,0x49,0x11,0x41,
    0x11,0x41,0x52,0x49,0x92,0x39,0x92,0x39,0xd4,0x49,0x73,0x49,0x74,0x51,0x73,0x49,
    0xd5,0x51,0x73,0x49,0x75,0x59,0xd6,0x61,0x1b,0x8b,0x1b,0x8b,0xfd,0x93,0x1b,0x8b,
    0x78,0x6a,0x78,0x73,0x78,0x6a,0x99,0x63,0x59,0x53,0x59,0x53,0x99,0x53,0x59,0x53,
    0x17,0x43,0x96,0x32,0x17,0x43,0x19,0x5c,0x58,0x6c,0x58,0x6c,0x57,0x64,0x58,0x64,
    0x2c,0x32,0x89,0x21,0x01,0x00,0x00,0x00,0x25,0x00,0x00,0xb7,0x22,0x00,0xc9,0x20,
    0xb5,0x61,0xd2,0x50,0xd2,0x50,0x75,0x59,0x13,0x41,0x13,0x41,0xf2,0x38,0xf2,0x38,
    0xf2,0x38,0xf2,0x38,0x52,0x39,0x11,0x39,0x11,0x39,0x10,0x31,0x11,0x39,0x11,0x41,
    0x73,0x49,0x51,0x31,0x10,0x31,0x10,0x31,0x92,0x39,0xd3,0x41,0x70,0x29,0xd2,0x39,
    0xd2,0x39,0xd3,0x41,0xd2,0x39,0xd2,0x39,0xd2,0x39,0x51,0x31,0x92,0x39,0x92,0x39,
    0x92,0x39,0x52,0x49,0x52,0x49,0x53,0x51,0x52,0x49,0x11,0x41,0xcf,0x30,0xd0,0x38,
    0xd0,0x38,0xd0,0x38,0xf2,0x38,0x13,0x41,0x34,0x39,0x34,0x39,0x95,0x39,0x57,0x49,
    0x34,0x39,0xf2,0x38,0xd4,0x49,0xa7,0x18,0x00,0x00,0x23,0x00,0x00,0x98,0x22,0x00,
    0xd6,0x5b,0xd6,0x5b,0x99,0x64,0x34,0x33,0xf6,0x4b,0x55,0x3b,0xb2,0x2a,0xf8,0x4b,
    0x11,0x1a,0xf4,0x2a,0xf4,0x2a,0xf5,0x22,0xf5,0x22,0xf5,0x22,0xf5,0x22,0x35,0x2b,
    0xf5,0x22,0xb4,0x22,0x35,0x2b,0x95,0x43,0x6a,0x19,0x43,0x08,0x00,0x00,0x7f,0x00,
    0x00,0x5a,0x00,0x00,0xcb,0x0b,0x31,0x13,0x62,0xf3,0x50,0xd2,0x40,0xd2,0x40,0xf2,
    0x38,0x11,0x39,0x11,0x39,0x11,0x39,0xd0,0x38,0xcf,0x30,0x0f,0x21,0x0f,0x21,0x10,
    0x31,0x10,0x31,0x10,0x31,0x10,0x31,0x11,0x41,0x52,0x49,0x51,0x31,0x51,0x31,0xd3,
    0x41,0xd2,0x39,0xd2,0x39,0x0f,0x21,0x0f,0x21,0x51,0x31,0x0f,0x21,0x91,0x29,0x92,
    0x39,0xd3,0x41,0xd3,0x41,0xd3,0x41,0x91,0x29,0xd2,0x39,0xd2,0x39,0x70,0x29,0x0f,
    0x21,0x0f,0x21,0x91,0x29,0x51,0x31,0xd2,0x39,0x11,0x21,0x51,0x31,0x35,0x4a,0x7c,
    0x7b,0xfd,0x93,0xfd,0x93,0x78,0x6a,0xd5,0x51,0x7c,0x7b,0x78,0x6a,0x7c,0x7b,0x78,
    0x6a,0x78,0x6a,0xb9,0x52,0xda,0x62,0xda,0x62,0xb9,0x52,0x76,0x4a,0xb8,0x4a,0xb8,
    0x4a,0x59,0x43,0x17,0x43,0x37,0x33,0x37,0x33,0x98,0x3b,0x97,0x33,0x5a,0x54,0x19,
    0x5c,0x58,0x64,0x57,0x64,0x48,0x19,0x43,0x08,0x00,0x00,0x21,0x00,0x00,0xba,0x01,
    0x00,0xb5,0x61,0xb5,0x61,0xd2,0x50,0xf3,0x50,0xf3,0x50,0x13,0x41,0x13,0x41,0xf2,
    0x38,0xf2,0x38,0x52,0x39,0x52,0x39,0x52,0x39,0xd3,0x41,0x11,0x39,0x11,0x39,0xd4,
    0x49,0xd3,0x41,0x10,0x31,0x10,0x31,0xee,0x18,0x51,0x31,0x0f,0x21,0xee,0x18,0x91,
    0x29,0x70,0x29,0x91,0x29,0x91,0x29,0xd2,0x39,0xd2,0x39,0xd2,0x39,0xd2,0x39,0xd2,
    0x39,0xd3,0x41,0x10,0x31,0x52,0x49,0xcf,0x30,0x11,0x41,0x11,0x41,0x11,0x41,0x11,
    0x41,0x53,0x51,0xd0,0x38,0xd0,0x38,0x73,0x49,0xf2,0x38,0x10,0x31,0x11,0x21,0x52,
    0x29,0xb3,0x39,0x52,0x29,0xf2,0x38,0xf2,0x38,0xf2,0x38,0x73,0x49,0x90,0x49,0x50,
    0x32,0x00,0x00,0x1f,0x00,0x00,0x9b,0x43,0x08,0xb4,0x53,0xb5,0x53,0xf6,0x4b,0x55,
    0x3b,0x55,0x3b,0x34,0x33,0x55,0x3b,0x95,0x43,0x55,0x3b,0x35,0x2b,0xf4,0x2a,0xf4,
    0x2a,0xf4,0x2a,0xf5,0x22,0x35,0x2b,0xb4,0x22,0xf5,0x22,0xf5,0x22,0xf6,0x32,0xf6,
    0x32,0xf5,0x22,0x97,0x33,0x9c,0x5c,0x58,0x6c,0x43,0x08,0x00,0x00,0x7f,0x00,0x00,
    0x58,0x00,0x00,0xce,0x43,0x08,0x0b,0x31,0x94,0x61,0xf3,0x50,0xd2,0x40,0xd2,0x40,
    0xf2,0x38,0x11,0x39,0xd0,0x38,0x11,0x39,0xd0,0x38,0xcf,0x30,0x0f,0x21,0x0f,0x21,
    0x0f,0x21,0x51,0x31,0xcf,0x30,0x10,0x31,0x11,0x41,0x52,0x49,0x51,0x31,0x51,0x31,
    0xd3,0x41,0xd2,0x39,0xcd,0x10,0x70,0x29,0xcd,0x10,0xcd,0x10,0x0f,0x21,0xee,0x18,
    0x0f,0x21,0xee,0x18,0xcd,0x10,0x0f,0x21,0x91,0x29,0xd2,0x39,0x91,0x29,0x91,0x29,
    0xd2,0x39,0xd2,0x39,0xfa,0x6b,0x5c,0x7c,0x5c,0x7c,0x1e,0x95,0x1e,0x95,0x1e,0x95,
    0x5c,0x7c,0x37,0x5b,0x35,0x4a,0x78,0x6a,0x78,0x6a,0x77,0x5a,0x78,0x6a,0x77,0x5a,
    0x78,0x6a,0x78,0x6a,0x7c,0x7b,0xda,0x62,0xda,0x62,0xb9,0x52,0xb9,0x52,0xb8,0x4a,
    0xb8,0x4a,0x17,0x43,0x17,0x43,0x37,0x33,0x37,0x33,0x98,0x3b,0x97,0x33,0x37,0x33,
    0xf8,0x43,0x19,0x5c,0x58,0x64,0xf8,0x74,0xb4,0x53,0x85,0x10,0x22,0x00,0x00,0x00,
    0x1f,0x00,0x00,0xbb,0x65,0x08,0x57,0x72,0xb5,0x61,0xd2,0x50,0xf3,0x50,0xd2,0x40,
    0x13,0x41,0x13,0x41,0xf2,0x38,0x11,0x39,0x52,0x39,0x11,0x39,0x52,0x39,0xd3,0x41,
    0x11,0x39,0x11,0x39,0x51,0x31,0x10,0x31,0x10,0x31,0xee,0x18,0xee,0x18,0x51,0x31,
    0xd3,0x41,0xd2,0x39,0x91,0x29,0x70,0x29,0x91,0x29,0x91,0x29,0xd2,0x39,0xd2,0x39,
    0xd2,0x39,0xd2,0x39,0x92,0x39,0xd3,0x41,0x10,0x31,0x10,0x31,0xcf,0x30,0x11,0x41,
    0x11,0x41,0x11,0x41,0xcf,0x30,0x94,0x61,0xd0,0x38,0xd0,0x38,0xd0,0x38,0xf2,0x38,
    0x51,0x31,0x52,0x29,0xb3,0x39,0xb3,0x39,0x52,0x29,0xf2,0x38,0xd4,0x49,0xf2,0x38,
    0x52,0x39,0xd3,0x41,0x50,0x32,0x22,0x00,0x00,0x00,0x1d,0x00,0x00,0x9c,0xa7,0x18,
    0xf0,0x42,0xb5,0x53,0xf6,0x4b,0x55,0x3b,0x55,0x3b,0x55,0x3b,0x34,0x33,0x55,0x3b,
    0x55,0x3b,0x55,0x3b,0xb4,0x22,0xf4,0x2a,0xf5,0x22,0xf4,0x2a,0xf5,0x22,0xb4,0x22,
    0xb4,0x22,0xf5,0x22,0xf5,0x22,0xf5,0x22,0xf6,0x32,0x97,0x33,0xf5,0x22,0x35,0x2b,
    0x56,0x33,0x6a,0x19,0x00,0x00,0x7f,0x00,0x00,0x57,0x00,0x00,0xd2,0x0b,0x31,0x92,
    0x59,0xd1,0x40,0xd2,0x40,0xd2,0x40,0xd2,0x40,0x11,0x39,0x10,0x31,0xd0,0x38,0xd0,
    0x38,0xd0,0x38,0xd0,0x38,0xcf,0x30,0x0f,0x21,0x0f,0x21,0x0f,0x21,0x10,0x31,0x51,
    0x31,0x51,0x31,0x51,0x31,0x0f,0x21,0xcd,0x10,0x10,0x31,0x70,0x29,0x91,0x29,0xd2,
    0x39,0xee,0x18,0x0f,0x21,0xee,0x18,0x6e,0x11,0xee,0x18,0x0f,0x21,0xee,0x18,0x30,
    0x19,0x91,0x29,0xb2,0x19,0xb2,0x19,0x5c,0x7c,0xfa,0x6b,0x17,0x4b,0x17,0x4b,0x98,
    0x53,0x17,0x4b,0x55,0x42,0x17,0x4b,0x76,0x4a,0x76,0x4a,0x14,0x2a,0x14,0x3a,0x76,
    0x4a,0x35,0x4a,0x35,0x4a,0x35,0x4a,0x35,0x4a,0x35,0x4a,0x77,0x5a,0x77,0x5a,0x17,
    0x5a,0xda,0x62,0x79,0x72,0xda,0x62,0xda,0x62,0x7c,0x7b,0xda,0x62,0xb9,0x52,0x1a,
    0x53,0xf9,0x4a,0xd8,0x3a,0xf8,0x32,0x98,0x3b,0xda,0x4b,0xda,0x4b,0x97,0x33,0x58,
    0x4c,0xbd,0x6d,0x9a,0x54,0x99,0x64,0xd6,0x4b,0x51,0x53,0xa5,0x10,0x01,0x00,0x00,
    0x00,0x1b,0x00,0x00,0xbd,0x0e,0x39,0x57,0x72,0x53,0x51,0x53,0x51,0x13,0x41,0xd2,
    0x40,0x13,0x41,0xf2,0x38,0xf2,0x38,0x11,0x39,0x52,0x39,0x52,0x39,0x11,0x39,0x51,
    0x31,0x92,0x39,0xd3,0x41,0xd3,0x41,0xd3,0x41,0xd3,0x41,0x70,0x29,0x70,0x29,0xd2,
    0x39,0xd2,0x39,0x30,0x19,0x30,0x19,0xd3,0x29,0x91,0x29,0x17,0x4b,0xd2,0x39,0xd2,
    0x39,0xd3,0x41,0xd2,0x39,0x52,0x29,0xd3,0x41,0xd3,0x41,0x10,0x31,0x92,0x39,0x11,
    0x41,0xd0,0x38,0xcf,0x30,0x11,0x41,0xcf,0x30,0x52,0x49,0xd3,0x41,0x51,0x31,0xee,
    0x18,0x51,0x31,0xd2,0x39,0xfa,0x6b,0x1e,0x95,0x37,0x5b,0x14,0x3a,0x52,0x29,0xb3,
    0x39,0x55,0x42,0x11,0x21,0x11,0x21,0xb3,0x39,0x0e,0x21,0x4c,0x39,0x00,0x00,0x18,
    0x00,0x00,0xa2,0x01,0x00,0x43,0x08,0xf0,0x42,0xf8,0x74,0xf6,0x4b,0xf6,0x4b,0xf6,
    0x4b,0x34,0x33,0x34,0x33,0x34,0x33,0x34,0x33,0x55,0x3b,0x55,0x3b,0x55,0x3b,0x97,
    0x33,0xf5,0x22,0xf4,0x2a,0xf4,0x2a,0xf4,0x2a,0x35,0x2b,0xf5,0x22,0xf5,0x22,0xf5,
    0x22,0xb4,0x22,0xb4,0x22,0xf5,0x22,0x37,0x33,0x37,0x33,0x37,0x33,0x37,0x33,0x77,
    0x4b,0xc9,0x18,0x22,0x00,0x00,0x00,0x7f,0x00,0x00,0x53,0x00,0x00,0xd5,0x22,0x00,
    0x43,0x08,0x13,0x62,0x94,0x61,0x74,0x51,0x13,0x41,0xd2,0x40,0x11,0x39,0x11,0x39,
    0x11,0x39,0x73,0x49,0x73,0x49,0x73,0x49,0x92,0x39,0x0f,0x21,0xee,0x18,0x70,0x29,
    0xd2,0x39,0xd2,0x39,0xd2,0x39,0xd2,0x39,0x70,0x29,0xee,0x18,0xcf,0x19,0xcf,0x19,
    0xd2,0x39,0x52,0x32,0x70,0x29,0xcd,0x10,0x10,0x22,0x6e,0x11,0x6e,0x11,0xcf,0x19,
    0x6e,0x11,0xcf,0x18,0x91,0x11,0xcd,0x10,0xbd,0x74,0xbd,0x74,0x34,0x32,0x34,0x32,
    0x55,0x42,0x96,0x32,0xb7,0x3a,0x55,0x32,0x55,0x32,0x55,0x42,0x55,0x42,0x55,0x42,
    0x55,0x42,0x14,0x3a,0xf3,0x29,0x76,0x4a,0x76,0x4a,0x35,0x4a,0x35,0x4a,0x35,0x4a,
    0x35,0x4a,0x77,0x5a,0xda,0x62,0x17,0x5a,0xb9,0x52,0xda,0x62,0xb9,0x52,0xda,0x62,
    0xda,0x62,0xda,0x62,0xb9,0x52,0xb9,0x52,0xb9,0x52,0xd8,0x3a,0xf8,0x32,0xda,0x4b,
    0xda,0x4b,0xde,0x75,0x39,0x4c,0xfb,0x5c,0xfb,0x5c,0xfb,0x5c,0x58,0x4c,0x34,0x3b,
    0xb4,0x53,0x2c,0x32,0x01,0x00,0x00,0x00,0x19,0x00,0x00,0xbf,0x22,0x00,0x13,0x62,
    0x94,0x61,0x13,0x41,0xf2,0x38,0x13,0x41,0x52,0x39,0x52,0x29,0x10,0x31,0x11,0x39,
    0x11,0x39,0x52,0x39,0x52,0x39,0x10,0x31,0x52,0x39,0xd3,0x41,0xd2,0x39,0xd2,0x39,
    0xd2,0x39,0xd2,0x39,0x0f,0x21,0x70,0x29,0xd3,0x29,0xf3,0x29,0xd3,0x29,0xd3,0x29,
    0x72,0x21,0xb2,0x19,0x14,0x3a,0x72,0x21,0x14,0x3a,0x55,0x42,0x72,0x21,0x11,0x21,
    0x72,0x21,0x52,0x29,0xd4,0x49,0xd3,0x41,0xcf,0x30,0x0f,0x21,0x0f,0x21,0x51,0x31,
    0x91,0x29,0x70,0x29,0x0f,0x21,0xd2,0x39,0xd2,0x39,0xfa,0x6b,0x1e,0x95,0xfa,0x6b,
    0xfa,0x6b,0xfa,0x6b,0x1e,0x95,0x99,0x63,0xd2,0x39,0xcf,0x18,0x72,0x21,0x76,0x4a,
    0x11,0x21,0x35,0x4a,0x71,0x49,0x65,0x08,0x00,0x00,0x16,0x00,0x00,0xa3,0x22,0x00,
    0xa7,0x18,0xf0,0x42,0x58,0x6c,0x99,0x64,0xf6,0x4b,0xf6,0x4b,0x34,0x33,0x34,0x33,
    0x34,0x33,0x34,0x33,0x55,0x3b,0x95,0x43,0x75,0x2b,0x75,0x2b,0x35,0x2b,0x56,0x33,
    0x56,0x33,0x56,0x33,0x56,0x33,0x35,0x2b,0x35,0x2b,0x35,0x2b,0xf6,0x32,0xf5,0x22,
    0xb4,0x22,0xf6,0x32,0x37,0x33,0x37,0x33,0xf6,0x32,0x37,0x33,0x37,0x33,0x58,0x6c,
    0x65,0x08,0x00,0x00,0x7f,0x00,0x00,0x51,0x00,0x00,0xda,0x01,0x00,0x85,0x10,0x92,
    0x59,0xd2,0x50,0x53,0x51,0xd1,0x40,0xf2,0x38,0xf2,0x38,0xf2,0x38,0x73,0x49,0x73,
    0x49,0xd0,0x38,0x10,0x31,0x11,0x41,0x10,0x31,0x70,0x29,0xee,0x18,0x10,0x22,0xf5,
    0x42,0x7f,0x85,0x19,0x5c,0x7f,0x85,0x1f,0x8e,0x1f,0x8e,0x1f,0x8e,0x99,0x64,0x93,
    0x32,0x10,0x22,0x6e,0x11,0x0f,0x21,0xcd,0x10,0x70,0x29,0xcf,0x19,0x91,0x11,0x91,
    0x11,0xbd,0x74,0xbd,0x74,0x59,0x53,0x96,0x32,0x96,0x32,0xf3,0x29,0x55,0x32,0x14,
    0x2a,0xd3,0x21,0x55,0x32,0x55,0x32,0x14,0x3a,0xd3,0x29,0xf3,0x29,0x14,0x3a,0x14,
    0x3a,0x55,0x42,0x14,0x3a,0x76,0x4a,0x14,0x3a,0x14,0x3a,0x14,0x3a,0x55,0x42,0x55,
    0x42,0x55,0x42,0x55,0x42,0x76,0x4a,0xb8,0x4a,0x76,0x4a,0xb8,0x4a,0xb8,0x4a,0xb9,
    0x52,0xb9,0x52,0xda,0x62,0xda,0x62,0xda,0x62,0x1a,0x53,0x1a,0x53,0x5a,0x4b,0x5a,
    0x4b,0x5a,0x4b,0x37,0x33,0xb4,0x22,0x98,0x3b,0x35,0x2b,0xfb,0x5c,0xbf,0x96,0x1f,
    0x8e,0x3f,0x7e,0xbd,0x6d,0xd6,0x5b,0xb4,0x53,0x06,0x19,0x01,0x00,0x00,0x00,0x15,
    0x00,0x00,0xc1,0xe8,0x28,0x90,0x49,0xd6,0x61,0x53,0x51,0xd6,0x61,0xf2,0x38,0x52,
    0x39,0x52,0x39,0x51,0x31,0x52,0x29,0x52,0x29,0x51,0x31,0xd4,0x49,0xd3,0x41,0x10,
    0x31,0x51,0x31,0xd3,0x41,0x0f,0x21,0x0f,0x21,0xee,0x18,0x91,0x29,0xd2,0x39,0x70,
    0x29,0x91,0x29,0xb2,0x19,0x72,0x21,0x72,0x21,0xd3,0x21,0xd3,0x29,0xb4,0x31,0x30,
    0x19,0x76,0x4a,0xf3,0x29,0xd3,0x29,0xf3,0x29,0x76,0x4a,0x72,0x21,0x11,0x21,0xd2,
    0x39,0xd3,0x41,0x70,0x29,0xd2,0x39,0x37,0x5b,0x5c,0x7c,0x1e,0x95,0x5c,0x7c,0x77,
    0x4b,0x77,0x4b,0x98,0x53,0x17,0x4b,0x17,0x4b,0x17,0x4b,0x37,0x5b,0x37,0x5b,0x17,
    0x4b,0x17,0x4b,0xfa,0x6b,0x5c,0x7c,0x5c,0x7c,0x17,0x4b,0x52,0x29,0xd4,0x49,0xcb,
    0x18,0xa7,0x18,0x00,0x00,0x12,0x00,0x00,0xa7,0x22,0x00,0x2c,0x32,0xb4,0x53,0x58,
    0x6c,0x95,0x43,0x95,0x43,0x95,0x43,0x55,0x3b,0x55,0x3b,0x55,0x3b,0x55,0x3b,0xf4,
    0x2a,0x34,0x33,0x34,0x33,0x55,0x3b,0x34,0x33,0x75,0x2b,0x75,0x2b,0x75,0x2b,0xd7,
    0x3b,0x97,0x33,0x97,0x33,0x97,0x33,0x97,0x33,0x75,0x2b,0x75,0x2b,0x97,0x33,0x56,
    0x33,0x97,0x33,0x35,0x2b,0xf6,0x32,0xf6,0x32,0x37,0x33,0x37,0x33,0xf5,0x22,0x39,
    0x4c,0xf4,0x2a,0x48,0x19,0x00,0x00,0x7f,0x00,0x00,0x50,0x00,0x00,0xdc,0xe8,0x28,
    0x32,0x62,0x92,0x59,0x53,0x51,0xd1,0x40,0xd1,0x40,0x13,0x41,0xf2,0x38,0xf2,0x38,
    0x73,0x49,0x11,0x39,0xd4,0x49,0x10,0x31,0x10,0x31,0x10,0x31,0xee,0x18,0xd2,0x39,
    0xf5,0x42,0xbd,0x74,0xf4,0x2a,0xf8,0x43,0x97,0x33,0xf8,0x43,0x9a,0x54,0xf8,0x43,
    0x3b,0x6d,0x1f,0x8e,0x6e,0x11,0x70,0x29,0x91,0x29,0x0f,0x21,0xcd,0x10,0x6e,0x11,
    0x12,0x1a,0xf8,0x4b,0x99,0x53,0x99,0x53,0x96,0x32,0x96,0x32,0x96,0x32,0x55,0x32,
    0x55,0x32,0x55,0x32,0x55,0x32,0x55,0x32,0x55,0x32,0x14,0x3a,0x14,0x3a,0xf3,0x29,
    0x14,0x3a,0x55,0x42,0x14,0x3a,0x14,0x3a,0x76,0x4a,0x14,0x3a,0x14,0x3a,0x14,0x3a,
    0x55,0x42,0x55,0x42,0x55,0x42,0x55,0x42,0x76,0x4a,0x56,0x3a,0x56,0x3a,0xb8,0x4a,
    0xb8,0x4a,0xb9,0x52,0xb9,0x52,0xda,0x62,0xda,0x62,0x7c,0x7b,0x7c,0x7b,0x1a,0x53,
    0x56,0x3a,0xd8,0x3a,0xd8,0x3a,0x55,0x2a,0xb5,0x2a,0x74,0x22,0x35,0x2b,0xb4,0x22,
    0xb3,0x1a,0x1f,0x8e,0xde,0x75,0xbd,0x6d,0x3f,0x7e,0x1e,0x86,0xf4,0x63,0x51,0x53,
    0xa5,0x10,0x22,0x00,0x00,0x00,0x13,0x00,0x00,0xfb,0xb0,0x51,0x90,0x49,0x74,0x51,
    0x53,0x51,0xd5,0x51,0xd4,0x49,0x52,0x39,0x0f,0x21,0x0f,0x21,0x52,0x29,0x52,0x29,
    0x51,0x31,0x52,0x39,0x35,0x4a,0x92,0x39,0xee,0x18,0xd3,0x41,0x70,0x29,0x0f,0x21,
    0xee,0x18,0x0f,0x21,0x70,0x29,0x91,0x29,0x91,0x29,0xb2,0x19,0x72,0x21,0x72,0x21,
    0xd3,0x21,0x72,0x21,0x72,0x21,0x72,0x21,0x30,0x19,0x91,0x29,0x30,0x19,0xd3,0x29,
    0x91,0x11,0x14,0x3a,0x91,0x29,0x91,0x29,0x5c,0x7c,0x1e,0x95,0xdf,0x9d,0xdf,0x9d,
    0x5c,0x7c,0xfa,0x6b,0x17,0x4b,0x17,0x4b,0x77,0x4b,0x98,0x53,0x17,0x4b,0x17,0x4b,
    0x17,0x4b,0x37,0x5b,0x17,0x4b,0x99,0x63,0x99,0x63,0xfa,0x6b,0xfa,0x6b,0x3d,0x6c,
    0x3d,0x6c,0x14,0x3a,0x30,0x19,0xef,0x28,0xcb,0x18,0x00,0x00,0x00,0x00,0x00,0x00,
    0x00,0x00,0x00,0x00,0x00,0x00,0x00,0x00,0x00,0x00,0x00,0x00,0x00,0x00,0x00,0x00,
    0x00,0x00,0x00,0x00,0x00,0x00,0x00,0x00,0x00,0x00,0x00,0x00,0x01,0x00,0x84,0x08,
    0xf4,0x63,0xb4,0x53,0xd6,0x4b,0xd6,0x4b,0x95,0x43,0x95,0x43,0x95,0x43,0x55,0x3b,
    0x55,0x3b,0x55,0x3b,0x55,0x3b,0x55,0x3b,0x34,0x33,0x34,0x33,0x55,0x3b,0x34,0x33,
    0x75,0x2b,0x75,0x2b,0x9a,0x54,0x39,0x4c,0x9a,0x54,0x9a,0x54,0x9a,0x54,0x9a,0x54,
    0x75,0x2b,0xd7,0x3b,0xf4,0x2a,0x56,0x33,0xf5,0x22,0xf8,0x43,0xb3,0x1a,0xf6,0x32,
    0x77,0x4b,0x37,0x33,0x35,0x2b,0x75,0x2b,0x75,0x2b,0xb4,0x53,0x48,0x19,0x00,0x00,
    0x17,0x00,0x00,0x85,0x22,0x00,0x22,0x00,0x43,0x08,0x43,0x08,0x00,0x00,0x7f,0x00,
    0x00,0x31,0x00,0x00,0xff,0xa7,0x18,0x32,0x62,0xb5,0x61,0xf3,0x50,0xd2,0x40,0xd2,
    0x40,0xf2,0x38,0xf2,0x38,0xf2,0x38,0x11,0x39,0x11,0x39,0x11,0x39,0x52,0x39,0x10,
    0x31,0x52,0x29,0x11,0x21,0x14,0x3a,0xf3,0x29,0xfa,0x6b,0x3b,0x64,0xb4,0x22,0x56,
    0x33,0x56,0x33,0x37,0x33,0xf6,0x32,0x37,0x33,0xd7,0x3b,0x56,0x33,0x39,0x4c,0x7c,
    0x7d,0x95,0x43,0x6e,0x11,0x6e,0x11,0xcf,0x19,0x34,0x33,0x5a,0x54,0x97,0x33,0xf6,
    0x32,0xf6,0x32,0x96,0x32,0x55,0x32,0x96,0x32,0x55,0x32,0x55,0x32,0x55,0x32,0x34,
    0x32,0x34,0x32,0xd3,0x29,0xf3,0x29,0x14,0x2a,0x14,0x3a,0x55,0x42,0x55,0x42,0x55,
    0x42,0x14,0x3a,0x76,0x4a,0x14,0x3a,0x14,0x3a,0x14,0x3a,0x14,0x3a,0x55,0x42,0x55,
    0x42,0x14,0x3a,0x55,0x42,0x76,0x4a,0x55,0x42,0x76,0x4a,0x76,0x4a,0xb9,0x52,0xf9,
    0x4a,0xb9,0x52,0xb9,0x52,0x7c,0x7b,0xda,0x62,0xda,0x62,0x7c,0x7b,0xda,0x62,0x17,
    0x5a,0x56,0x3a,0x56,0x3a,0x55,0x32,0x55,0x32,0x55,0x2a,0x13,0x22,0x12,0x1a,0xfc,
    0x64,0xfc,0x64,0xbd,0x6d,0x7c,0x65,0x7c,0x65,0xbd,0x6d,0x3f,0x7e,0xfb,0x8d,0x1a,
    0x65,0xf8,0x74,0x51,0x53,0xf0,0x42,0x89,0x21,0x84,0x08,0x00,0x00,0x00,0x00,0x00,
    0x00,0x00,0x00,0x00,0x00,0x00,0x00,0x00,0x00,0x00,0x00,0x00,0x00,0x00,0x00,0x00,
    0x00,0x00,0x00,0x06,0x19,0xce,0x39,0x17,0x5a,0x17,0x5a,0x52,0x39,0xd4,0x49,0xd4,
    0x49,0x52,0x39,0x11,0x39,0x52,0x39,0x10,0x31,0x51,0x31,0x51,0x31,0x51,0x31,0x92,
    0x39,0xee,0x18,0xee,0xcd,0x10,0x70,0x29,0xee,0x18,0x70,0x29,0xcd,0x10,0xee,0x18,
    0xd3,0x41,0x70,0x29,0x70,0x29,0x91,0x29,0x91,0x11,0xb2,0x19,0xb2,0x19,0x91,0x11,
    0xd3,0x29,0x93,0x32,0xcf,0x19,0xcf,0x19,0x6e,0x11,0x6e,0x11,0x6e,0x11,0xbc,0x74,
    0xdf,0x9d,0xdf,0x9d,0x7f,0x85,0xfa,0x6b,0xfa,0x6b,0x98,0x53,0x98,0x53,0x17,0x4b,
    0x17,0x4b,0x17,0x4b,0x17,0x4b,0x17,0x4b,0x17,0x4b,0x17,0x4b,0x76,0x4a,0x76,0x4a,
    0x76,0x4a,0x17,0x4b,0x76,0x4a,0x17,0x4b,0x17,0x4b,0x98,0x53,0x99,0x63,0x59,0x53,
    0xdc,0x63,0x5c,0x7c,0x11,0x21,0x11,0x21,0xc9,0x20,0x01,0x00,0x00,0x00,0x00,0x00,
    0x00,0x00,0x00,0x00,0x00,0x00,0x00,0x00,0x00,0x00,0x00,0x00,0x00,0x00,0x00,0x00,
    0x00,0x00,0x00,0x00,0x00,0x00,0x01,0x00,0xf4,0x63,0xb5,0x53,0x99,0x64,0x99,0x64,
    0xd6,0x4b,0x95,0x43,0x95,0x43,0x55,0x3b,0x55,0x3b,0x55,0x3b,0x95,0x43,0x55,0x3b,
    0x55,0x3b,0x55,0x3b,0x95,0x43,0xf8,0x4b,0x95,0x43,0x97,0x33,0x39,0x4c,0x97,0x33,
    0x97,0x33,0x56,0x33,0x75,0x2b,0x75,0x2b,0x75,0x2b,0x75,0x2b,0xf8,0x43,0xde,0x75,
    0xbd,0x6d,0x3f,0x7e,0x3f,0x7e,0x7c,0x65,0xfb,0x5c,0xd7,0x3b,0x9a,0x54,0xf5,0x22,
    0x56,0x33,0x56,0x33,0x35,0x2b,0x75,0x2b,0xf8,0x43,0xb2,0x2a,0xa5,0x10,0x00,0x00,
    0x14,0x00,0x00,0x8b,0xc9,0x18,0xc9,0x18,0xc9,0x20,0x33,0x29,0xcb,0x18,0xcb,0x18,
    0x51,0x29,0x85,0x10,0xc9,0x20,0xa5,0x10,0x00,0x00,0x7f,0x00,0x00,0x2b,0x00,0x00,
    0xff,0x01,0x00,0x43,0x08,0x32,0x62,0xb5,0x61,0xb7,0x71,0xf3,0x50,0x13,0x41,0x13,
    0x41,0xf2,0x38,0xf2,0x38,0x11,0x39,0x11,0x39,0x92,0x39,0x52,0x39,0x52,0x39,0xcf,
    0x18,0xd3,0x29,0xd3,0x29,0x30,0x19,0xfa,0x6b,0xbd,0x74,0x55,0x32,0xb7,0x3a,0x13,
    0x22,0xb5,0x2a,0x96,0x32,0x96,0x32,0x56,0x3a,0xb5,0x2a,0x56,0x33,0x97,0x33,0xfb,
    0x5c,0x7c,0x7d,0xb2,0x2a,0xcf,0x19,0x19,0x5c,0x7f,0x85,0x98,0x3b,0x98,0x3b,0x97,
    0x33,0xb9,0x4b,0x96,0x32,0x96,0x32,0x55,0x32,0x55,0x32,0x55,0x32,0x55,0x32,0x34,
    0x32,0x14,0x2a,0x34,0x32,0x14,0x3a,0x14,0x3a,0xf3,0x29,0x14,0x3a,0x14,0x3a,0x14,
    0x3a,0x55,0x42,0x76,0x4a,0x14,0x3a,0x14,0x3a,0x55,0x42,0x14,0x3a,0x14,0x3a,0x14,
    0x3a,0x55,0x42,0x76,0x4a,0x76,0x4a,0x76,0x4a,0x55,0x42,0x76,0x4a,0xb8,0x4a,0xb8,
    0x4a,0xb8,0x4a,0xda,0x62,0xda,0x62,0xda,0x62,0x7c,0x7b,0x79,0x72,0x79,0x72,0x17,
    0x5a,0x95,0x41,0x95,0x41,0xd7,0x41,0xb4,0x31,0x36,0x2a,0x36,0x2a,0x74,0x22,0x12,
    0x1a,0xfc,0x64,0xde,0x75,0x7c,0x65,0xfa,0x4c,0xfb,0x5c,0xfb,0x5c,0xbd,0x6d,0xde,
    0x75,0xbd,0x6d,0x3b,0x6d,0xd6,0x4b,0xd6,0x5b,0x51,0x53,0x2c,0x32,0x42,0x08,0x00,
    0x00,0x00,0x00,0x00,0x00,0x00,0x00,0x00,0x00,0x00,0x00,0x00,0x00,0x00,0x00,0x00,
    0x00,0x00,0x00,0xce,0x49,0xf4,0x51,0x95,0x41,0x17,0x5a,0x35,0x4a,0x52,0x29,0xb3,
    0x39,0x11,0x39,0x10,0x31,0x11,0x39,0x52,0x39,0x51,0x31,0x51,0x31,0x51,0x31,0xf1,
    0x51,0x31,0xee,0x18,0xee,0x18,0xee,0x18,0x6e,0x11,0xd2,0x39,0xee,0x18,0x0f,0x21,
    0xd2,0x39,0xee,0x18,0x70,0x29,0x91,0x29,0x70,0x29,0x91,0x11,0x91,0x11,0x11,0x1a,
    0x12,0x1a,0x6e,0x11,0x6e,0x11,0xcd,0x10,0xcd,0x10,0xf6,0x4b,0x1f,0x8e,0x1f,0x8e,
    0x7c,0x7d,0xbc,0x74,0xbc,0x74,0xbc,0x74,0xbd,0x74,0x3b,0x64,0xfa,0x6b,0x17,0x4b,
    0x17,0x4b,0xb8,0x4a,0x17,0x4b,0x17,0x4b,0xb8,0x4a,0x76,0x4a,0x76,0x4a,0x76,0x4a,
    0x76,0x4a,0x55,0x42,0x76,0x4a,0x76,0x4a,0xb8,0x4a,0xfa,0x6b,0xdc,0x63,0x99,0x63,
    0x99,0x53,0xbd,0x74,0x72,0x21,0x52,0x29,0x0e,0x39,0x85,0x10,0x00,0x00,0x00,0x00,
    0x00,0x00,0x00,0x00,0x00,0x00,0x00,0x00,0x00,0x00,0x00,0x00,0x00,0x00,0x00,0x00,
    0x00,0x00,0x00,0x00,0xa5,0x10,0x51,0x53,0x58,0x64,0x95,0x43,0xf6,0x4b,0xf6,0x4b,
    0xf6,0x4b,0x95,0x43,0x55,0x3b,0x55,0x3b,0x55,0x3b,0x55,0x3b,0x34,0x33,0x34,0x33,
    0x34,0x33,0x55,0x3b,0x97,0x33,0x39,0x4c,0x97,0x33,0xf8,0x43,0xf8,0x43,0x98,0x3b,
    0x97,0x33,0x56,0x33,0x98,0x3b,0x37,0x33,0x37,0x33,0xf5,0x22,0xf5,0x22,0xf4,0x2a,
    0xd7,0x3b,0xfb,0x5c,0x3f,0x7e,0xfb,0x5c,0xfb,0x5c,0x3f,0x7e,0x58,0x4c,0x75,0x2b,
    0xd7,0x3b,0x56,0x33,0x56,0x33,0x56,0x33,0x35,0x2b,0xf8,0x43,0xb4,0x53,0x22,0x00,
    0x00,0x00,0x11,0x00,0x00,0x8e,0xc9,0x20,0x0e,0x21,0x33,0x29,0x33,0x29,0x35,0x29,
    0x35,0x29,0x57,0x49,0x57,0x49,0x57,0x49,0x57,0x49,0x0e,0x39,0x0e,0x39,0xc9,0x20,
    0x00,0x00,0x7f,0x00,0x00,0x27,0x00,0x00,0xff,0x01,0x00,0xa7,0x18,0x0b,0x31,0x96,
    0x72,0xb7,0x71,0x94,0x61,0x14,0x59,0xd1,0x40,0xd2,0x50,0x73,0x49,0xf2,0x38,0xf2,
    0x38,0xf2,0x38,0xf2,0x38,0x52,0x39,0x11,0x39,0x52,0x39,0x0f,0x21,0xd3,0x29,0xd3,
    0x29,0x93,0x32,0xbc,0x74,0x77,0x4b,0x59,0x53,0xb7,0x3a,0xb7,0x3a,0x14,0x22,0x96,
    0x32,0x96,0x32,0x96,0x32,0x55,0x32,0xb5,0x2a,0x74,0x22,0xf8,0x43,0x97,0x33,0x34,
    0x33,0x1f,0xb7,0x1f,0xb7,0xfb,0x5c,0x9a,0x54,0x35,0x2b,0x56,0x33,0xf6,0x32,0xf6,
    0x32,0x55,0x32,0x96,0x32,0x34,0x32,0x55,0x32,0x14,0x2a,0x14,0x2a,0x34,0x32,0x34,
    0x32,0x14,0x2a,0x14,0x3a,0x14,0x3a,0x14,0x3a,0x14,0x3a,0x14,0x3a,0xd3,0x29,0x14,
    0x2a,0x14,0x3a,0x14,0x3a,0x14,0x3a,0x14,0x3a,0x76,0x4a,0x55,0x42,0x55,0x42,0x14,
    0x3a,0x14,0x3a,0x76,0x4a,0x76,0x4a,0x76,0x4a,0x76,0x4a,0xb8,0x4a,0xb8,0x4a,0xb9,
    0x52,0xda,0x62,0xda,0x62,0xda,0x62,0xda,0x62,0x79,0x72,0x79,0x72,0x79,0x72,0x78,
    0x6a,0x17,0x5a,0x95,0x39,0xb9,0x52,0x57,0x42,0x14,0x22,0xf8,0x32,0xb5,0x2a,0xb5,
    0x2a,0x37,0x33,0xfc,0x64,0xfc,0x64,0xdd,0x6c,0xfc,0x64,0xfb,0x5c,0xfb,0x5c,0xfb,
    0x5c,0xbd,0x6d,0x7c,0x65,0xfa,0x4c,0xfa,0x4c,0x58,0x4c,0x3b,0x6d,0x57,0x64,0xf4,
    0x63,0x89,0x21,0x84,0x08,0x00,0x00,0x00,0x00,0x00,0x00,0x00,0x00,0x42,0x08,0x42,
    0x08,0xf4,0x51,0xd5,0x51,0x95,0x39,0x95,0x39,0xb4,0x31,0x95,0x39,0x52,0x29,0x11,
    0x21,0x11,0x21,0x14,0x3a,0xcf,0x18,0xff,0xd3,0x29,0xd3,0x29,0xd2,0x39,0x91,0x29,
    0xcf,0x19,0xcf,0x19,0x6e,0x11,0x6e,0x11,0xcf,0x19,0x6e,0x11,0xcd,0x10,0x6e,0x11,
    0xcd,0x10,0xcd,0x10,0xcf,0x19,0xcf,0x19,0x6e,0x11,0x71,0x22,0x6e,0x11,0x11,0x1a,
    0xf6,0x4b,0xbf,0x96,0x9f,0xa6,0x3b,0x6d,0x3b,0x6d,0x3b,0x6d,0x58,0x4c,0x39,0x4c,
    0x75,0x2b,0xf8,0x43,0x98,0x3b,0x3b,0x64,0x99,0x53,0x99,0x53,0xf9,0x4a,0x9b,0x5b,
    0xb9,0x52,0xb9,0x52,0xb9,0x52,0xb8,0x4a,0xb8,0x4a,0x57,0x42,0x57,0x42,0x57,0x42,
    0x57,0x42,0x57,0x42,0x56,0x3a,0xb8,0x4a,0xb8,0x4a,0x76,0x4a,0xb8,0x4a,0x59,0x53,
    0x59,0x53,0xdc,0x63,0xbd,0x74,0x72,0x21,0x0e,0x21,0x43,0x08,0x00,0x00,0x00,0x00,
    0x00,0x00,0x00,0x00,0x00,0x00,0x00,0x00,0x00,0x00,0x00,0x00,0x00,0x00,0x89,0x21,
    0x51,0x53,0x3b,0x6d,0x99,0x64,0xf6,0x4b,0xf6,0x4b,0xf6,0x4b,0x34,0x33,0x34,0x33,
    0x55,0x3b,0x55,0x3b,0x34,0x33,0x34,0x33,0x55,0x3b,0x34,0x33,0x56,0x33,0x95,0x43,
    0x55,0x3b,0x97,0x33,0x56,0x33,0x56,0x33,0xb4,0x22,0xf5,0x22,0x37,0x33,0xf6,0x32,
    0x59,0x43,0xf8,0x32,0xb7,0x32,0xb7,0x32,0xf8,0x32,0xb7,0x32,0xb5,0x2a,0xb5,0x2a,
    0xb3,0x1a,0x56,0x33,0xfc,0x64,0x3f,0x7e,0x7c,0x65,0x58,0x4c,0x7c,0x65,0xde,0x75,
    0x39,0x4c,0x75,0x2b,0x35,0x2b,0xf8,0x43,0xf8,0x43,0x56,0x33,0xb2,0x2a,0xa5,0x10,
    0x00,0x00,0x00,0x00,0x00,0x00,0x00,0x00,0x00,0x00,0x00,0x00,0x00,0x00,0x00,0x00,
    0x00,0x00,0x00,0x00,0x00,0x00,0x96,0x00,0x00,0x00,0x00,0x00,0x00,0x00,0x00,0xc9,
    0x18,0xc9,0x18,0x33,0x29,0x35,0x29,0x35,0x29,0x35,0x29,0xd7,0x41,0x57,0x49,0x57,
    0x49,0x57,0x49,0x79,0x72,0x79,0x72,0x79,0x72,0x79,0x72,0xf4,0x51,0xc9,0x20,0xa5,
    0x10,0x00,0x00,0x7f,0x00,0x00,0x23,0x00,0x00,0xff,0x01,0x00,0xa7,0x18,0xce,0x49,
    0x13,0x62,0x79,0x8b,0xb7,0x71,0x94,0x61,0xf3,0x50,0xb7,0x71,0xd6,0x61,0xd2,0x50,
    0xf2,0x38,0x52,0x39,0x52,0x39,0xf2,0x38,0xf2,0x38,0x52,0x39,0x11,0x39,0x52,0x39,
    0x14,0x3a,0xd3,0x29,0x96,0x32,0xdf,0x9d,0xbc,0x74,0xdb,0x53,0xf6,0x32,0xb7,0x3a,
    0xb7,0x3a,0xb7,0x3a,0x96,0x32,0x74,0x22,0x96,0x32,0x55,0x32,0x17,0x43,0x98,0x3b,
    0xb3,0x1a,0x97,0x33,0x99,0x64,0x1f,0xb7,0x1f,0xb7,0xbf,0x96,0x9a,0x54,0x39,0x4c,
    0x98,0x3b,0x35,0x2b,0xb7,0x3a,0x96,0x32,0x96,0x32,0x34,0x32,0x55,0x32,0x14,0x2a,
    0x14,0x2a,0x34,0x32,0x34,0x32,0x14,0x2a,0x14,0x3a,0x14,0x3a,0x76,0x4a,0x76,0x4a,
    0x14,0x3a,0x14,0x3a,0x14,0x2a,0x14,0x3a,0xf3,0x29,0x14,0x3a,0x14,0x3a,0x76,0x4a,
    0x55,0x42,0x55,0x42,0x14,0x3a,0x55,0x42,0x76,0x4a,0x76,0x4a,0x55,0x42,0x76,0x4a,
    0xb8,0x4a,0xb8,0x4a,0xb9,0x52,0xda,0x62,0xb8,0x4a,0xda,0x62,0xda,0x62,0x79,0x72,
    0x79,0x72,0x79,0x72,0x79,0x72,0x79,0x72,0x57,0x42,0x57,0x42,0x57,0x42,0x56,0x3a,
    0x55,0x2a,0xf8,0x32,0xf8,0x32,0xf6,0x32,0x98,0x3b,0xdd,0x6c,0x7f,0x85,0xfc,0x64,
    0xfb,0x5c,0x7c,0x65,0xfa,0x4c,0xfb,0x5c,0x7c,0x65,0xfa,0x4c,0x58,0x4c,0xd7,0x3b,
    0x58,0x4c,0xfb,0x5c,0x3b,0x6d,0xfb,0x8d,0xfb,0x8d,0x48,0x19,0x84,0x08,0x00,0x00,
    0x00,0x00,0x42,0x08,0x42,0x08,0xf4,0x51,0xd5,0x51,0x95,0x39,0x95,0x39,0xb4,0x31,
    0xb3,0x39,0x52,0x29,0x11,0x21,0x72,0x21,0xff,0x30,0x19,0xd3,0x29,0xd3,0x29,0x34,
    0x32,0x99,0x63,0x7f,0x85,0x7f,0x85,0x7f,0x85,0x1e,0x75,0xbc,0x74,0xf8,0x4b,0xf4,
    0x2a,0x11,0x1a,0xb2,0x2a,0xcf,0x19,0xcf,0x19,0x6e,0x11,0xcf,0x19,0x11,0x1a,0xb2,
    0x2a,0xf6,0x4b,0x3b,0x6d,0xbf,0x96,0xbf,0x96,0x7c,0x7d,0x1e,0x86,0xbf,0x96,0xbf,
    0x96,0x3b,0x6d,0xfb,0x5c,0xfb,0x5c,0xf8,0x43,0x98,0x3b,0xda,0x4b,0x99,0x53,0xf9,
    0x4a,0xf9,0x4a,0x9b,0x5b,0xb9,0x52,0x1a,0x53,0xb9,0x52,0x56,0x3a,0x57,0x42,0xb8,
    0x4a,0x57,0x42,0x76,0x4a,0x57,0x42,0x57,0x42,0x57,0x42,0x57,0x42,0xb8,0x4a,0xb8,
    0x4a,0xb8,0x4a,0x59,0x53,0x17,0x43,0xdb,0x53,0xdc,0x63,0x1e,0x95,0xfa,0x6b,0x00,
    0x00,0x00,0x00,0x00,0x00,0x00,0x00,0x00,0x00,0x00,0x00,0x00,0x00,0x00,0x00,0x01,
    0x00,0x89,0x21,0xf8,0x74,0x99,0x64,0x95,0x43,0xf6,0x4b,0xf6,0x4b,0xf6,0x4b,0x34,
    0x33,0x34,0x33,0x55,0x3b,0x55,0x3b,0x55,0x3b,0x34,0x33,0x34,0x33,0xf4,0x2a,0x34,
    0x33,0x56,0x33,0x56,0x33,0x55,0x3b,0x35,0x2b,0xb3,0x1a,0xb3,0x1a,0xb4,0x22,0xf5,
    0x22,0x37,0x33,0x59,0x43,0x37,0x33,0xf8,0x32,0xb7,0x32,0xb7,0x32,0xf8,0x32,0xb7,
    0x32,0xb5,0x2a,0x74,0x22,0xb5,0x2a,0x12,0x1a,0xb3,0x1a,0xd7,0x3b,0xbf,0x96,0x7c,
    0x65,0xfa,0x4c,0x7c,0x65,0x7c,0x65,0x39,0x4c,0xd7,0x3b,0x35,0x2b,0xf8,0x43,0xf5,
    0x22,0x98,0x3b,0xf0,0x42,0xa5,0x10,0x00,0x00,0x00,0x00,0x00,0x00,0x00,0x00,0x00,
    0x00,0x00,0x00,0x00,0x00,0x00,0x00,0x99,0x00,0x00,0x00,0x00,0x00,0x00,0x00,0x00,
    0x00,0x00,0x00,0x00,0xc9,0x18,0x51,0x29,0x33,0x29,0x35,0x29,0xb4,0x31,0xd7,0x41,
    0xd7,0x41,0x17,0x5a,0x79,0x72,0x79,0x72,0x1b,0x8b,0x1b,0x8b,0x1b,0x8b,0x1b,0x8b,
    0x1b,0x8b,0x90,0x49,0xce,0x39,0x01,0x00,0x00,0x00,0x7f,0x00,0x00,0xff,0x00,0x00,
    0x00,0x00,0x00,0x00,0x00,0x00,0x00,0x00,0x00,0x00,0x22,0x00,0xa5,0x10,0xe8,0x28,
    0x4c,0x39,0x0b,0x31,0x0b,0x31,0x0e,0x39,0xb0,0x51,0xb0,0x51,0x0b,0x31,0x0b,0x31,
    0x00,0x00,0x85,0x10,0x43,0x08,0x22,0x00,0x00,0x00,0x00,0x00,0x00,0x00,0x00,0x00,
    0x00,0x00,0x00,0x00,0x00,0x00,0x00,0x00,0x00,0x00,0x00,0x00,0x01,0x00,0xe8,0x28,
    0x32,0x62,0x4c,0x39,0x92,0x59,0x94,0x61,0x75,0x59,0x75,0x59,0x74,0x51,0x74,0x51,
    0xf3,0x50,0x34,0x39,0x36,0x49,0x36,0x49,0x34,0x39,0x52,0x39,0xb3,0x39,0xb3,0x39,
    0x52,0x39,0xb3,0x39,0x11,0x21,0x55,0x42,0x59,0x53,0xbd,0x74,0xdd,0x6c,0xda,0x4b,
    0x59,0x43,0x37,0x33,0x55,0x2a,0xb7,0x32,0x55,0x2a,0x96,0x32,0xf6,0x32,0xb5,0x2a,
    0xb5,0x2a,0xb4,0x22,0xb4,0x22,0x75,0x2b,0xd7,0x3b,0x1f,0x8e,0xf8,0x4b,0xb2,0x2a,
    0xb2,0x2a,0xfb,0x5c,0xbf,0x96,0x39,0x4c,0x56,0x33,0x35,0x2b,0xf6,0x32,0x96,0x32,
    0x96,0x32,0x34,0x32,0x14,0x2a,0xb2,0x19,0xb2,0x19,0xb2,0x19,0xb2,0x19,0xf3,0x29,
    0xd3,0x29,0xd3,0x29,0xd3,0x29,0xd3,0x29,0x14,0x2a,0x14,0x2a,0xd3,0x29,0x14,0x2a,
    0x14,0x2a,0xd3,0x29,0x14,0x3a,0x14,0x3a,0x55,0x42,0x76,0x4a,0x14,0x3a,0x55,0x42,
    0x76,0x4a,0x55,0x42,0x76,0x4a,0x76,0x4a,0xb8,0x4a,0x1a,0x53,0xb9,0x52,0xb8,0x4a,
    0xb8,0x4a,0xb8,0x4a,0x57,0x42,0xda,0x62,0x79,0x72,0x79,0x72,0xfe,0xa3,0x1b,0x8b,
    0x78,0x6a,0x78,0x6a,0x77,0x5a,0xb8,0x4a,0xd8,0x3a,0x96,0x32,0xff,0xd3,0x21,0x96,
    0x32,0x59,0x53,0x96,0x32,0xb5,0x2a,0x5a,0x54,0xfc,0x64,0xde,0x75,0xfb,0x5c,0xfb,
    0x5c,0xfa,0x4c,0xfb,0x5c,0x7c,0x65,0xfa,0x4c,0x58,0x4c,0x58,0x4c,0x58,0x4c,0x58,
    0x4c,0xf6,0x4b,0x99,0x64,0x58,0x64,0xf8,0x74,0xb4,0x53,0x14,0x53,0x35,0x4a,0x91,
    0x29,0xb3,0x39,0xf3,0x29,0xb3,0x39,0x30,0x19,0x72,0x21,0xf3,0x29,0xf3,0x29,0x55,
    0x32,0x3b,0x64,0x7f,0x85,0x1e,0x75,0xb9,0x4b,0x37,0x33,0x77,0x4b,0x35,0x2b,0x56,
    0x33,0x97,0x33,0x39,0x4c,0x9a,0x54,0xfa,0x4c,0xfa,0x4c,0x9a,0x54,0xbd,0x6d,0x3f,
    0x7e,0x3f,0x7e,0x3f,0x7e,0x3b,0x6d,0x3b,0x6d,0xbf,0x96,0xbf,0x96,0xbf,0x96,0xbf,
    0x96,0xfb,0x5c,0xd7,0x3b,0x75,0x2b,0x35,0x2b,0x75,0x2b,0xd7,0x3b,0x9a,0x54,0x3f,
    0x7e,0x39,0x4c,0xb9,0x4b,0x59,0x43,0x59,0x43,0x5a,0x4b,0x9b,0x5b,0x9b,0x5b,0x1a,
    0x53,0x1a,0x53,0x1a,0x53,0x1a,0x53,0x57,0x42,0x1a,0x53,0x57,0x42,0x57,0x42,0x57,
    0x42,0x57,0x42,0x57,0x42,0x57,0x42,0x57,0x42,0x57,0x42,0xb8,0x4a,0x17,0x4b,0xdb,
    0x53,0x99,0x53,0xdb,0x53,0x99,0x53,0xfa,0x6b,0x5c,0x7c,0x9a,0x84,0x9a,0x84,0x9a,
    0x84,0xf4,0x63,0xf4,0x63,0xf4,0x63,0x9a,0x84,0x51,0x53,0xfb,0x5c,0x58,0x4c,0xf8,
    0x43,0xf8,0x43,0x95,0x43,0x55,0x3b,0x34,0x33,0xb2,0x2a,0x93,0x32,0x55,0x3b,0xf4,
    0x2a,0x35,0x2b,0x35,0x2b,0xf5,0x22,0xb3,0x1a,0xb3,0x1a,0x35,0x2b,0xf6,0x32,0x35,
    0x2b,0xb3,0x1a,0xb3,0x1a,0x5a,0x54,0xdd,0x6c,0x7f,0x85,0xbc,0xdb,0x53,0x17,0x43,
    0xf8,0x32,0x55,0x2a,0xf8,0x32,0xf8,0x32,0xb7,0x32,0xd8,0x3a,0xd8,0x3a,0xb5,0x2a,
    0xb5,0x2a,0x74,0x22,0x13,0x22,0xb4,0x22,0xf5,0x22,0xde,0x75,0xde,0x75,0xfa,0x4c,
    0xfa,0x4c,0xbd,0x6d,0x97,0x33,0x97,0x33,0x39,0x4c,0x56,0x33,0x95,0x43,0xd6,0x4b,
    0x22,0x00,0x00,0x00,0x00,0x00,0x00,0x00,0x00,0x00,0x00,0x00,0x00,0x00,0x00,0x00,
    0x00,0x00,0x00,0x00,0x00,0x00,0x00,0x00,0xa7,0x18,0xcb,0x18,0xb4,0x31,0x33,0x29,
    0x35,0x29,0x95,0x41,0x95,0x39,0xd6,0x61,0x78,0x6a,0x1b,0x8b,0xfe,0xa3,0xfe,0xa3,
    0x1b,0x8b,0x1b,0x8b,0x78,0x6a,0x17,0x5a,0x1b,0x8b,0xfe,0xa3,0xfe,0xa3,0x90,0x49,
    0xe8,0x28,0x00,0x00,0x7f,0x00,0x00,0xff,0x00,0x00,0x01,0x00,0x22,0x00,0xe8,0x28,
    0xce,0x49,0xb0,0x51,0xb0,0x51,0x92,0x59,0x92,0x59,0x71,0x49,0x71,0x49,0x94,0x61,
    0x94,0x61,0x57,0x72,0x96,0x72,0x96,0x72,0x79,0x8b,0x32,0x62,0x32,0x62,0xce,0x49,
    0x85,0x10,0x43,0x08,0x00,0x00,0x00,0x00,0x00,0x00,0x00,0x00,0x00,0x00,0x00,0x00,
    0x00,0x00,0x01,0x00,0xce,0x49,0x13,0x62,0xb5,0x61,0xb7,0x71,0xb7,0x71,0xb7,0x71,
    0x13,0x41,0x36,0x49,0x34,0x39,0x34,0x39,0x34,0x39,0x34,0x39,0x34,0x39,0x34,0x39,
    0x52,0x29,0xd4,0x49,0xb3,0x39,0x11,0x21,0xd3,0x29,0x11,0x21,0x14,0x2a,0x99,0x53,
    0xdb,0x53,0x99,0x53,0x59,0x43,0xf6,0x32,0xf6,0x32,0xb5,0x2a,0xf6,0x32,0x55,0x2a,
    0x55,0x2a,0xb5,0x2a,0xb5,0x2a,0xf6,0x32,0x56,0x33,0x97,0x33,0xf8,0x43,0x9a,0x54,
    0x1f,0x8e,0xf8,0x43,0xb4,0x22,0x74,0x22,0x37,0x33,0xb5,0x2a,0x7c,0x7d,0xfc,0x64,
    0xf8,0x43,0x56,0x33,0x35,0x2b,0xb5,0x2a,0xb5,0x2a,0x34,0x32,0x14,0x2a,0xf3,0x29,
    0xf3,0x29,0x34,0x32,0x14,0x2a,0x55,0x32,0x96,0x32,0x56,0x3a,0x55,0x32,0x14,0x3a,
    0xf3,0x29,0xf3,0x29,0xb2,0x19,0x14,0x2a,0x14,0x2a,0x14,0x2a,0x55,0x32,0x14,0x2a,
    0x55,0x32,0x55,0x32,0x56,0x3a,0xf3,0x29,0x55,0x42,0xb8,0x4a,0xb8,0x4a,0xb8,0x4a,
    0xb9,0x52,0xb9,0x52,0xb8,0x4a,0x57,0x42,0x56,0x3a,0xb9,0x52,0xda,0x62,0x17,0x5a,
    0x17,0x5a,0xda,0x62,0x1b,0x8b,0x1b,0x8b,0xfe,0xa3,0xfe,0xa3,0x78,0x6a,0x77,0x5a,
    0x77,0x5a,0x17,0x4b,0x76,0x4a,0xff,0x55,0x32,0x96,0x32,0x55,0x32,0x55,0x32,0xf6,
    0x32,0xf6,0x32,0x98,0x3b,0x1e,0x75,0x1e,0x75,0xdd,0x6c,0xfc,0x64,0xfc,0x64,0xfa,
    0x4c,0xfa,0x4c,0x58,0x4c,0x58,0x4c,0x58,0x4c,0x58,0x4c,0xf6,0x4b,0xf6,0x4b,0x9f,
    0xa6,0xdf,0x9d,0x5c,0x7c,0xfa,0x6b,0x14,0x3a,0xd3,0x29,0xb2,0x19,0xd3,0x29,0x34,
    0x32,0xd3,0x21,0x14,0x2a,0xdb,0x53,0x7f,0x85,0xdd,0x6c,0x3b,0x64,0xf6,0x32,0xf6,
    0x32,0xb5,0x2a,0xf5,0x22,0x35,0x2b,0x97,0x33,0x56,0x33,0x37,0x33,0x97,0x33,0x97,
    0x33,0xf8,0x43,0x9a,0x54,0x9a,0x54,0xfa,0x4c,0x7c,0x65,0xfb,0x5c,0x7c,0x7d,0x7c,
    0x7d,0xbf,0x96,0x9f,0xa6,0x7c,0x7d,0xfb,0x5c,0x95,0x43,0xd7,0x3b,0x56,0x33,0x56,
    0x33,0x35,0x2b,0x97,0x33,0x97,0x33,0xfb,0x5c,0xbd,0x6d,0x9c,0x5c,0xda,0x4b,0x98,
    0x3b,0x59,0x43,0x5a,0x4b,0x5a,0x4b,0xf9,0x4a,0xf9,0x4a,0xf9,0x4a,0x1a,0x53,0xf9,
    0x4a,0x1a,0x53,0x1a,0x53,0x57,0x42,0x1a,0x53,0x1a,0x53,0x57,0x42,0x57,0x42,0xd7,
    0x41,0xb8,0x4a,0xb8,0x4a,0xb8,0x4a,0xdb,0x53,0xdb,0x53,0xb9,0x4b,0x98,0x53,0x77,
    0x4b,0x77,0x4b,0x5c,0x7c,0x5c,0x7c,0x5c,0x7c,0x5c,0x7c,0x1e,0x95,0x1e,0x95,0xbc,
    0x74,0xf8,0x4b,0x39,0x4c,0x58,0x4c,0xd7,0x3b,0x56,0x33,0xf6,0x32,0x93,0x32,0xb2,
    0x2a,0xb2,0x2a,0xb2,0x2a,0x93,0x32,0xb4,0x22,0xb4,0x22,0xb4,0x22,0x74,0x22,0x74,
    0x22,0x12,0x1a,0xf5,0x22,0xb4,0x22,0x56,0x33,0x39,0x4c,0x9c,0x5c,0x1e,0x75,0x7f,
    0x85,0x13,0x22,0x13,0x22,0xcf,0xd4,0x21,0x55,0x2a,0xd4,0x21,0x55,0x2a,0x55,0x2a,
    0x14,0x22,0x14,0x22,0x14,0x22,0x14,0x22,0x96,0x32,0xb5,0x2a,0xb5,0x2a,0x96,0x32,
    0xf6,0x32,0x9a,0x54,0xbd,0x6d,0x7c,0x65,0xfb,0x5c,0xfa,0x4c,0xfb,0x5c,0x39,0x4c,
    0xf8,0x43,0xf8,0x43,0x56,0x33,0xd7,0x3b,0xf0,0x42,0x22,0x00,0x00,0x00,0x00,0x00,
    0x00,0x00,0x00,0x00,0x00,0x00,0x00,0x00,0x00,0x00,0x00,0x00,0x00,0x00,0x22,0x00,
    0x0e,0x21,0x35,0x29,0x35,0x29,0x35,0x29,0x34,0x39,0x95,0x39,0x79,0x72,0xd6,0x61,
    0x1b,0x8b,0x1b,0x8b,0x78,0x6a,0x78,0x6a,0x57,0x49,0x57,0x49,0x57,0x49,0x57,0x49,
    0x17,0x5a,0x1b,0x8b,0xfd,0x93,0x79,0x8b,0x90,0x49,0xa5,0x10,0x01,0x00,0x00,0x00,
    0x00,0x00,0x00,0x00,0x00,0x00,0x00,0x00,0x00,0x00,0x00,0x00,0x00,0x00,0x01,0x00,
    0x01,0x00,0x22,0x00,0x22,0x00,0x43,0x08,0xa5,0x10,0xa5,0x10,0x84,0x08,0x22,0x00,
    0x01,0x00,0x00,0x00,0x16,0x00,0x00,0x85,0x01,0x00,0x65,0x08,0x65,0x08,0x01,0x00,
    0x00,0x00,0x4c,0x00,0x00,0xff,0x22,0x00,0x4c,0x39,0xce,0x49,0xb0,0x51,0xd4,0x49,
    0x30,0x31,0x30,0x31,0x52,0x49,0xd4,0x49,0xd4,0x49,0xd4,0x49,0x73,0x49,0x73,0x49,
    0xd5,0x51,0x78,0x6a,0x78,0x6a,0x77,0x5a,0xb9,0x52,0xda,0x62,0xb9,0x52,0x7c,0x7b,
    0x7c,0x7b,0x17,0x5a,0x17,0x5a,0x78,0x6a,0x79,0x72,0x79,0x8b,0x79,0x8b,0x32,0x62,
    0x0b,0x31,0xa7,0x18,0x0b,0x31,0x79,0x8b,0x96,0x72,0xd6,0x61,0x75,0x59,0x79,0x72,
    0x57,0x49,0x36,0x49,0x36,0x49,0x36,0x49,0x95,0x39,0x34,0x39,0x34,0x39,0x34,0x39,
    0x52,0x39,0xd4,0x49,0x52,0x39,0x52,0x39,0x92,0x39,0xd3,0x41,0x11,0x21,0x52,0x32,
    0x91,0x11,0x77,0x4b,0x5a,0x54,0x5a,0x54,0xf5,0x22,0xb4,0x22,0x35,0x2b,0xb4,0x22,
    0x56,0x33,0xb4,0x22,0x35,0x2b,0x35,0x2b,0x39,0x4c,0xfc,0x64,0xde,0x75,0xde,0x75,
    0xfb,0x5c,0xfb,0x5c,0x3f,0x7e,0x58,0x4c,0xb5,0x2a,0x36,0x2a,0x36,0x2a,0x36,0x2a,
    0x55,0x2a,0xb5,0x2a,0x1e,0x75,0xfc,0x64,0x97,0x33,0x56,0x33,0xb5,0x2a,0xb5,0x2a,
    0xb5,0x2a,0x14,0x2a,0x13,0x22,0x13,0x22,0xd3,0x21,0xd3,0x29,0x14,0x2a,0xf3,0x29,
    0xd3,0x29,0xd3,0x29,0xf3,0x29,0xd3,0x29,0xd3,0x29,0x14,0x2a,0x34,0x32,0x14,0x2a,
    0x14,0x2a,0x14,0x2a,0x55,0x32,0xb7,0x3a,0x36,0x2a,0x36,0x2a,0x56,0x3a,0x56,0x3a,
    0x56,0x3a,0xd8,0x3a,0xf9,0x4a,0xb8,0x4a,0xb8,0x4a,0xf9,0x4a,0xf9,0x4a,0xb9,0x52,
    0xb9,0x52,0x59,0x53,0xda,0x62,0xb9,0x52,0xb9,0x52,0x79,0x72,0x1b,0x8b,0xfe,0xa3,
    0xfe,0xa3,0xfd,0x93,0xff,0xfe,0xa3,0xfe,0xa3,0x35,0x4a,0x76,0x4a,0x55,0x42,0x96,
    0x32,0xb7,0x3a,0xb7,0x3a,0x96,0x32,0x17,0x43,0xf6,0x32,0xf6,0x32,0xb5,0x2a,0x3b,
    0x64,0xdd,0x6c,0xfc,0x64,0xfb,0x5c,0xfb,0x5c,0x9a,0x54,0x58,0x4c,0xf6,0x4b,0x99,
    0x64,0x7c,0x7d,0x7c,0x7d,0x7c,0x7d,0xbc,0x74,0xbc,0x74,0xbc,0x74,0x7f,0x85,0xdf,
    0x9d,0x7f,0x85,0xdd,0x6c,0xdd,0x6c,0xbc,0x74,0x19,0x5c,0x19,0x5c,0x3b,0x64,0xb9,
    0x4b,0x37,0x33,0x37,0x33,0xf6,0x32,0xf6,0x32,0xf6,0x32,0xf6,0x32,0xf6,0x32,0xf6,
    0x32,0x37,0x33,0xf6,0x32,0xf6,0x32,0x56,0x33,0xd7,0x3b,0x75,0x2b,0xd7,0x3b,0x3f,
    0x7e,0x3f,0x7e,0xbf,0x96,0xbf,0x96,0xf6,0x4b,0x34,0x33,0x6e,0x11,0xb2,0x2a,0x13,
    0x22,0xb5,0x2a,0xb5,0x2a,0xb5,0x2a,0xb9,0x4b,0x98,0x3b,0xd7,0x3b,0xd7,0x3b,0x98,
    0x3b,0x39,0x4c,0xfc,0x64,0x9c,0x5c,0xda,0x4b,0xf6,0x32,0xb7,0x32,0x9b,0x5b,0x5a,
    0x4b,0x9b,0x5b,0xf9,0x4a,0x5a,0x4b,0x5a,0x4b,0x9b,0x5b,0x9b,0x5b,0xdc,0x63,0xdc,
    0x63,0x3d,0x6c,0x1a,0x53,0x1a,0x53,0x1a,0x53,0xb8,0x4a,0x56,0x3a,0x59,0x53,0x59,
    0x53,0x59,0x53,0x77,0x4b,0x98,0x53,0x77,0x4b,0x77,0x4b,0xfa,0x6b,0x3d,0x6c,0x99,
    0x53,0x3b,0x64,0x99,0x53,0x3b,0x64,0x3b,0x64,0x37,0x33,0xf6,0x32,0xf6,0x32,0xf6,
    0x32,0xf6,0x32,0xb5,0x2a,0x96,0x32,0x34,0x32,0x34,0x32,0x96,0x32,0x74,0x22,0x74,
    0x22,0x74,0x22,0x55,0x2a,0x55,0x2a,0xb7,0x32,0x74,0x22,0x59,0x43,0xda,0x4b,0x9c,
    0x5c,0xdd,0x6c,0xf4,0x13,0x22,0xd3,0x21,0xd3,0x21,0xd3,0x21,0xd3,0x21,0xd3,0x21,
    0x34,0x32,0xb2,0x19,0x30,0x19,0x72,0x21,0xb4,0x31,0x11,0x21,0x72,0x21,0x72,0x21,
    0xd3,0x29,0x55,0x32,0xf3,0x29,0xd3,0x21,0x37,0x33,0xb4,0x22,0xfa,0x4c,0x3f,0x7e,
    0x7c,0x65,0xbd,0x6d,0xbd,0x6d,0xfa,0x4c,0xf8,0x43,0x39,0x4c,0x97,0x33,0x75,0x2b,
    0x58,0x64,0x22,0x00,0x00,0x00,0x00,0x00,0x00,0x00,0x00,0x00,0x00,0x00,0x00,0x00,
    0x00,0x00,0x51,0x29,0x51,0x29,0x35,0x29,0x35,0x29,0x35,0x29,0x95,0x41,0x95,0x39,
    0x17,0x5a,0xfe,0xa3,0xfd,0x93,0x17,0x5a,0x57,0x49,0x57,0x49,0x57,0x49,0x35,0x29,
    0x35,0x29,0xd7,0x41,0xd7,0x41,0x17,0x5a,0xd3,0x41,0x37,0x5b,0x1e,0x95,0x7f,0xb5,
    0x9f,0xbe,0x9f,0xbe,0xb4,0x53,0xcb,0x29,0x43,0x08,0x43,0x08,0x48,0x19,0xf4,0x63,
    0x57,0x64,0xd6,0x5b,0xd6,0x4b,0x19,0x5c,0x19,0x5c,0xf8,0x4b,0xd7,0x3b,0xd7,0x3b,
    0x95,0x43,0x95,0x43,0xd6,0x4b,0x34,0x3b,0x58,0x6c,0xf8,0x74,0x7c,0x7d,0x7c,0x7d,
    0x6a,0x19,0x6a,0x19,0x43,0x08,0x43,0x08,0xa7,0x18,0xa7,0x18,0x14,0x53,0x14,0x53,
    0x50,0x32,0xf1,0x42,0xf1,0x42,0xf1,0x42,0xd6,0x5b,0xd6,0x5b,0xd6,0x5b,0x58,0x6c,
    0x58,0x6c,0x58,0x6c,0x58,0x6c,0xd6,0x5b,0xb5,0x53,0xf6,0x4b,0x50,0x32,0x67,0x10,
    0x67,0x10,0x43,0x08,0x43,0x08,0x43,0x08,0x22,0x00,0x00,0x00,0x42,0x00,0x00,0xff,
    0x01,0x00,0x22,0x00,0x43,0x08,0xc9,0x20,0xce,0x49,0x71,0x49,0x30,0x31,0xd3,0x41,
    0xd4,0x49,0xd3,0x41,0xd2,0x39,0xd2,0x39,0x91,0x29,0xd3,0x41,0x14,0x3a,0xd2,0x39,
    0x52,0x29,0xb3,0x39,0xb3,0x39,0xb3,0x39,0x76,0x4a,0xdc,0x63,0x3d,0x6c,0x3d,0x6c,
    0xda,0x62,0x17,0x5a,0x17,0x5a,0x17,0x5a,0x78,0x6a,0x79,0x72,0xd6,0x61,0x78,0x6a,
    0x32,0x62,0x79,0x8b,0xdd,0xac,0xdd,0xac,0x78,0x6a,0x78,0x6a,0x79,0x72,0x36,0x49,
    0x57,0x49,0x57,0x49,0x36,0x49,0x36,0x49,0x34,0x39,0x34,0x39,0x95,0x41,0x34,0x39,
    0x95,0x39,0x52,0x39,0x11,0x21,0x52,0x39,0x52,0x39,0x92,0x39,0x55,0x42,0x52,0x32,
    0xcf,0x19,0x71,0x22,0x1f,0x8e,0xf8,0x43,0xf8,0x43,0x75,0x2b,0x75,0x2b,0x35,0x2b,
    0x35,0x2b,0xfc,0x64,0x1e,0x75,0xbf,0x96,0xbf,0x96,0xbf,0x96,0x3f,0x7e,0x3f,0x7e,
    0xfb,0x5c,0xfa,0x4c,0xbd,0x6d,0x58,0x4c,0x35,0x2b,0xb5,0x2a,0x36,0x2a,0x36,0x2a,
    0x36,0x2a,0x55,0x2a,0x74,0x22,0xfc,0x64,0x1e,0x75,0x5a,0x54,0xb9,0x4b,0xb5,0x2a,
    0xb5,0x2a,0xb5,0x2a,0x14,0x2a,0x13,0x22,0x13,0x22,0xd3,0x21,0xd3,0x29,0x14,0x2a,
    0x14,0x3a,0x14,0x3a,0x14,0x3a,0xf3,0x29,0x14,0x2a,0x14,0x2a,0x14,0x2a,0x34,0x32,
    0x14,0x2a,0x14,0x2a,0x14,0x2a,0xd4,0x21,0x36,0x2a,0x36,0x2a,0x36,0x2a,0x56,0x3a,
    0xf9,0x4a,0xd8,0x3a,0xd8,0x3a,0x1a,0x53,0x1a,0x53,0xb8,0x4a,0xf9,0x4a,0xb9,0x52,
    0x56,0x3a,0x56,0x3a,0x59,0x53,0xb9,0x52,0x9b,0x5b,0x3d,0x6c,0xfd,0x93,0xff,0xfd,
    0x93,0x7f,0xb5,0x7f,0xb5,0x7f,0xb5,0x7f,0xb5,0x7f,0xb5,0x7f,0xb5,0x5c,0x7c,0x55,
    0x42,0x34,0x32,0x55,0x32,0x17,0x4b,0x17,0x4b,0x17,0x43,0x34,0x32,0xb5,0x2a,0x17,
    0x43,0x93,0x32,0x7f,0x85,0x1f,0x8e,0x1f,0x8e,0x3b,0x6d,0x3b,0x6d,0x3b,0x6d,0x9f,
    0xa6,0x1f,0xb7,0x1f,0x8e,0xbc,0x74,0xbc,0x74,0xbc,0x74,0xbc,0x74,0xbc,0x74,0xfc,
    0x64,0xdd,0x6c,0xbc,0x74,0x3b,0x64,0xdd,0x6c,0x3b,0x64,0x19,0x5c,0x19,0x5c,0xf8,
    0x4b,0x98,0x3b,0x37,0x33,0xb4,0x22,0xb4,0x22,0xf6,0x32,0xf6,0x32,0xf6,0x32,0xf6,
    0x32,0xf6,0x32,0x37,0x33,0xf6,0x32,0xf6,0x32,0x56,0x33,0x75,0x2b,0x75,0x2b,0xbd,
    0x6d,0x3f,0x7e,0x3f,0x7e,0x1f,0x8e,0x3b,0x6d,0x71,0x22,0xb2,0x2a,0xb2,0x2a,0x71,
    0x22,0x13,0x22,0x13,0x22,0x13,0x22,0x13,0x22,0x12,0x1a,0x12,0x1a,0xb4,0x22,0xd7,
    0x3b,0x98,0x3b,0x97,0x33,0x9c,0x5c,0x7f,0x85,0xda,0x4b,0xb4,0x22,0x59,0x43,0x59,
    0x43,0x59,0x43,0x9b,0x5b,0x5a,0x4b,0x5a,0x4b,0x9b,0x5b,0x9b,0x5b,0x9b,0x5b,0xdc,
    0x63,0xdc,0x63,0xdc,0x63,0x9b,0x5b,0xdc,0x63,0x1a,0x53,0xb8,0x4a,0xb8,0x4a,0x59,
    0x53,0x59,0x53,0x59,0x53,0x98,0x53,0x98,0x53,0x77,0x4b,0x98,0x53,0x98,0x53,0x99,
    0x53,0x99,0x53,0x99,0x53,0x99,0x53,0x99,0x53,0xbd,0x74,0xdb,0x53,0xb9,0x4b,0x55,
    0x2a,0x55,0x2a,0xf6,0x32,0x34,0x32,0x96,0x32,0x96,0x32,0x96,0x32,0x96,0x32,0x74,
    0x22,0x74,0x22,0x74,0x22,0x59,0x43,0x5a,0x4b,0xb7,0x32,0xb7,0x32,0xfb,0x59,0x43,
    0xda,0x4b,0x1e,0x75,0x59,0x43,0x13,0x22,0xd3,0x21,0xd3,0x21,0xd3,0x21,0x14,0x2a,
    0x14,0x2a,0xf3,0x29,0x30,0x19,0x30,0x19,0x72,0x21,0x11,0x21,0x11,0x21,0x72,0x21,
    0x72,0x21,0xd3,0x29,0xd3,0x29,0xf3,0x29,0x72,0x21,0x12,0x1a,0xb3,0x1a,0xb3,0x1a,
    0xbd,0x6d,0x3f,0x7e,0xfb,0x5c,0xfb,0x5c,0x7c,0x65,0xfa,0x4c,0x97,0x33,0x97,0x33,
    0xf8,0x43,0xd7,0x3b,0x6a,0x19,0x22,0x00,0x00,0x00,0x00,0x00,0x00,0x00,0x00,0x00,
    0x00,0x00,0x43,0x08,0x51,0x29,0x51,0x29,0x35,0x29,0x35,0x29,0x35,0x29,0x95,0x39,
    0x17,0x5a,0x7c,0x7b,0xfe,0xa3,0x36,0x49,0x57,0x49,0x57,0x49,0x35,0x29,0x35,0x29,
    0x35,0x29,0x35,0x29,0xd7,0x41,0xb4,0x31,0x55,0x42,0xdf,0x9d,0x9f,0xbe,0x9f,0xbe,
    0x9f,0xbe,0x1f,0xb7,0x9f,0xbe,0xdf,0x9d,0x9a,0x84,0x9a,0x84,0xfb,0x8d,0x9f,0xbe,
    0x7c,0x7d,0xfb,0x5c,0x19,0x5c,0xf8,0x43,0xf8,0x43,0xb9,0x4b,0x98,0x3b,0x56,0x33,
    0x56,0x33,0x56,0x33,0x95,0x43,0x35,0x2b,0x55,0x3b,0x55,0x3b,0xd7,0x3b,0x7c,0x7d,
    0x7c,0x7d,0x99,0x64,0xd6,0x4b,0xb5,0x53,0x58,0x6c,0x58,0x64,0xb5,0x53,0x14,0x53,
    0x14,0x53,0x50,0x32,0x95,0x43,0x95,0x43,0x55,0x3b,0x95,0x43,0x34,0x33,0xf6,0x4b,
    0xf6,0x4b,0xf6,0x4b,0x95,0x43,0x95,0x43,0xf6,0x4b,0xf6,0x4b,0xf6,0x4b,0x99,0x64,
    0x99,0x64,0x99,0x64,0xb5,0x53,0x34,0x3b,0xcb,0x18,0x68,0x18,0x65,0x08,0x43,0x08,
    0x01,0x00,0x00,0x00,0x12,0x00,0x00,0x84,0x01,0x00,0x01,0x00,0x01,0x00,0x00,0x00,
    0x22,0x00,0x00,0xff,0x01,0x00,0x22,0x00,0x85,0x10,0xa7,0x18,0xc9,0x18,0x8c,0x19,
    0x5c,0x7c,0x7f,0xb5,0x7f,0xb5,0x1e,0x95,0x5c,0x7c,0x5c,0x7c,0xfa,0x6b,0xfa,0x6b,
    0x99,0x63,0x99,0x53,0x98,0x53,0x98,0x53,0x77,0x4b,0x77,0x4b,0x99,0x53,0x3b,0x64,
    0x3b,0x64,0x5a,0x54,0x9c,0x5c,0x9c,0x5c,0x5a,0x54,0xb9,0x4b,0x37,0x33,0x37,0x33,
    0x96,0x32,0x55,0x32,0xf3,0x29,0xb9,0x52,0x77,0x5a,0xda,0x62,0xda,0x62,0x17,0x5a,
    0x17,0x5a,0xd5,0x51,0xd5,0x51,0x79,0x72,0x79,0x72,0x79,0x72,0x79,0x72,0x57,0x49,
    0x57,0x49,0xd7,0x41,0x17,0x5a,0x57,0x49,0x57,0x49,0xd7,0x41,0xd7,0x41,0x95,0x39,
    0x95,0x39,0xb3,0x39,0xb3,0x39,0xb3,0x39,0x91,0x29,0x10,0x22,0xf5,0x42,0x99,0x64,
    0x99,0x64,0x1f,0xb7,0x1f,0x8e,0xbf,0x96,0xde,0x75,0xde,0x75,0x7c,0x65,0x58,0x4c,
    0xd7,0x3b,0xd7,0x3b,0xd7,0x3b,0x97,0x33,0x97,0x33,0x97,0x33,0xd7,0x3b,0x75,0x2b,
    0xd7,0x3b,0x34,0x3b,0x58,0x6c,0x58,0x64,0x19,0x5c,0x9c,0x5c,0x37,0x33,0xf8,0x32,
    0xf8,0x32,0xb7,0x32,0x36,0x2a,0x55,0x2a,0xb4,0x22,0x37,0x33,0x9c,0x5c,0x9c,0x5c,
    0xf6,0x32,0xb5,0x2a,0xb5,0x2a,0x74,0x22,0x34,0x32,0x34,0x32,0x34,0x32,0x34,0x32,
    0xf3,0x29,0xf3,0x29,0xb2,0x19,0xd3,0x29,0xd3,0x29,0xb2,0x19,0x14,0x2a,0x96,0x32,
    0x14,0x22,0x55,0x2a,0x55,0x2a,0xd8,0x3a,0x5a,0x4b,0x5a,0x4b,0x5a,0x4b,0xf9,0x4a,
    0x5a,0x4b,0x5a,0x4b,0x9b,0x5b,0x5a,0x4b,0x5a,0x4b,0x5a,0x4b,0x5a,0x4b,0xdb,0x53,
    0x3d,0x6c,0xff,0x3d,0x6c,0xdd,0x6c,0x3d,0x6c,0xdd,0x6c,0xda,0x4b,0xda,0x4b,0xf8,
    0x4b,0x77,0x4b,0xf5,0x42,0x93,0x32,0xf5,0x42,0xf5,0x42,0xf5,0x42,0x93,0x32,0x93,
    0x32,0x98,0x53,0x5c,0x7c,0x7f,0xb5,0x7f,0xb5,0x78,0x73,0xfa,0x6b,0x5c,0x7c,0xfa,
    0x6b,0x5c,0x7c,0x99,0x63,0x1e,0x95,0xdf,0x9d,0x1f,0xb7,0x1f,0xb7,0x7c,0x7d,0x7c,
    0x7d,0x7c,0x7d,0x99,0x64,0xbc,0x74,0xbc,0x74,0xbc,0x74,0x3b,0x64,0x5a,0x54,0x5a,
    0x54,0xfc,0x64,0xfb,0x5c,0x5a,0x54,0x9a,0x54,0xf8,0x4b,0x37,0x33,0xda,0x4b,0xb9,
    0x4b,0x98,0x3b,0x37,0x33,0xf6,0x32,0xf6,0x32,0xf6,0x32,0xb3,0x1a,0xb4,0x22,0xf5,
    0x22,0xb4,0x22,0xf5,0x22,0xb3,0x1a,0xf5,0x22,0xf5,0x22,0x9a,0x54,0xfb,0x5c,0x3f,
    0x7e,0x3f,0x7e,0x3f,0x7e,0x58,0x4c,0x91,0x11,0x12,0x1a,0x13,0x22,0x14,0x2a,0x13,
    0x22,0x13,0x22,0xd3,0x21,0x13,0x22,0x14,0x2a,0x14,0x2a,0x55,0x32,0x96,0x32,0x34,
    0x32,0x34,0x32,0xf6,0x32,0xb9,0x4b,0xf8,0x43,0x97,0x33,0x9c,0x5c,0xf8,0x43,0x98,
    0x3b,0xf8,0x43,0x98,0x3b,0x37,0x33,0x37,0x33,0x59,0x43,0x59,0x43,0x96,0x32,0x59,
    0x53,0xdd,0x6c,0xdd,0x6c,0x1e,0x75,0xdb,0x53,0x99,0x53,0x99,0x53,0x9b,0x5b,0x9b,
    0x5b,0x59,0x53,0x59,0x53,0x59,0x53,0x59,0x53,0x99,0x53,0x99,0x53,0x99,0x53,0xda,
    0x4b,0xdb,0x53,0xdb,0x53,0xdb,0x53,0xdb,0x53,0x59,0x43,0xd8,0x3a,0xb7,0x3a,0x56,
    0x3a,0x1a,0x53,0xb8,0x4a,0x56,0x3a,0x96,0x32,0x36,0x2a,0x55,0x2a,0x55,0x2a,0x96,
    0x32,0xff,0xb7,0x32,0xb7,0x32,0xf8,0x32,0xb7,0x32,0xf8,0x32,0x55,0x2a,0x59,0x43,
    0xdb,0x53,0xdd,0x6c,0xb5,0x2a,0xd3,0x21,0x13,0x22,0x14,0x2a,0x30,0x19,0x30,0x19,
    0xd3,0x29,0xee,0x18,0x11,0x21,0xd2,0x39,0x30,0x19,0x30,0x19,0xcf,0x18,0xcf,0x18,
    0x30,0x19,0x11,0x21,0x72,0x21,0x72,0x21,0xd3,0x29,0xb2,0x19,0xb2,0x19,0x14,0x2a,
    0xb2,0x19,0x13,0x22,0xb4,0x22,0xde,0x75,0x3f,0x7e,0xde,0x75,0xde,0x75,0xbd,0x6d,
    0x9a,0x54,0xd7,0x3b,0x97,0x33,0x55,0x3b,0x58,0x6c,0x22,0x00,0x00,0x00,0x00,0x00,
    0x22,0x00,0xcb,0x18,0x51,0x29,0x35,0x29,0x35,0x29,0x35,0x29,0x95,0x39,0x95,0x39,
    0x7c,0x7b,0x7c,0x7b,0xd6,0x61,0x36,0x49,0x36,0x49,0x36,0x49,0x35,0x29,0xb4,0x31,
    0xb4,0x31,0x34,0x32,0x11,0x1a,0x7c,0x7d,0x9f,0xa6,0x9f,0xa6,0x3b,0x6d,0x34,0x33,
    0xd7,0x3b,0x58,0x4c,0x99,0x64,0x99,0x64,0x7c,0x7d,0x1f,0xb7,0x9f,0xbe,0x1e,0x95,
    0xbc,0x74,0x19,0x5c,0x19,0x5c,0x3b,0x64,0xdb,0x53,0x5a,0x4b,0x37,0x33,0xf6,0x32,
    0xb5,0x2a,0xb5,0x2a,0xf6,0x32,0xf6,0x32,0x37,0x33,0x37,0x33,0xb4,0x22,0xb4,0x22,
    0x56,0x33,0x35,0x2b,0xd7,0x3b,0x9a,0x54,0xf8,0x43,0x75,0x2b,0x95,0x43,0x55,0x3b,
    0x55,0x3b,0x55,0x3b,0x75,0x2b,0x75,0x2b,0x55,0x3b,0x95,0x43,0x95,0x43,0x55,0x3b,
    0xf4,0x2a,0xf4,0x2a,0xf4,0x2a,0x34,0x33,0x34,0x33,0x34,0x33,0x34,0x33,0x34,0x33,
    0xb2,0x2a,0xb2,0x2a,0xb2,0x2a,0xf4,0x2a,0x55,0x3b,0xf6,0x4b,0xf6,0x4b,0x99,0x64,
    0xa3,0xbc,0x74,0x58,0x64,0x58,0x64,0x8c,0x19,0x67,0x10,0x65,0x08,0x65,0x08,0x65,
    0x08,0x00,0x00,0x43,0x08,0x65,0x08,0x67,0x10,0xcb,0x18,0xcb,0x18,0xcb,0x18,0x0e,
    0x21,0x0e,0x21,0x0e,0x21,0x65,0x08,0x0e,0x21,0xef,0x28,0xef,0x28,0xef,0x28,0xef,
    0x28,0xef,0x28,0xef,0x28,0x68,0x18,0x68,0x18,0x00,0x00,0x43,0x08,0x00,0x00,0x00,
    0x00,0x00,0x00,0x01,0x00,0x00,0x00,0x13,0x00,0x00,0xff,0x01,0x00,0x22,0x00,0x43,
    0x08,0xc9,0x20,0xcb,0x29,0xf1,0x42,0xf1,0x42,0xf1,0x42,0x9a,0x84,0x7f,0xb5,0x7f,
    0xb5,0x5c,0x7c,0xfa,0x6b,0x99,0x63,0x37,0x5b,0x37,0x5b,0x17,0x4b,0x59,0x53,0x59,
    0x53,0x59,0x43,0x59,0x43,0xb9,0x4b,0xb9,0x4b,0xda,0x4b,0xda,0x4b,0xdd,0x6c,0xdd,
    0x6c,0xda,0x4b,0x3b,0x64,0x3b,0x64,0xbd,0x74,0xdd,0x6c,0xdd,0x6c,0x3b,0x64,0x3b,
    0x64,0x19,0x5c,0xf5,0x42,0xf5,0x42,0xf3,0x29,0x55,0x42,0x14,0x3a,0x56,0x3a,0x57,
    0x42,0xb8,0x4a,0x77,0x5a,0x77,0x5a,0xd5,0x51,0x95,0x41,0x95,0x41,0x34,0x39,0x95,
    0x41,0x57,0x42,0x57,0x42,0xd7,0x41,0x57,0x42,0xd7,0x41,0x56,0x3a,0x56,0x3a,0x14,
    0x2a,0x14,0x2a,0xd3,0x29,0xd3,0x29,0x17,0x4b,0xbc,0x74,0x9f,0xa6,0x1f,0xb7,0x1f,
    0xb7,0x1f,0xb7,0x1e,0x86,0xbd,0x6d,0xfb,0x5c,0xfb,0x5c,0x58,0x4c,0x75,0x2b,0x75,
    0x2b,0x97,0x33,0x97,0x33,0x75,0x2b,0x75,0x2b,0xb3,0x1a,0xf5,0x22,0x75,0x2b,0x75,
    0x2b,0xf1,0x42,0xb4,0x53,0x00,0x00,0x43,0x08,0x8c,0x19,0x34,0x3b,0x37,0x33,0x17,
    0x43,0xb7,0x32,0xb7,0x32,0x55,0x2a,0x55,0x2a,0x74,0x22,0xb4,0x22,0x1e,0x75,0x9c,
    0x5c,0xda,0x4b,0x37,0x33,0xb5,0x2a,0xb5,0x2a,0x74,0x22,0x74,0x22,0x13,0x22,0xf3,
    0x29,0x34,0x32,0x14,0x2a,0x14,0x2a,0xf3,0x29,0x13,0x22,0x13,0x22,0x13,0x22,0xb2,
    0x19,0xb7,0x32,0x5a,0x4b,0x5a,0x4b,0xf9,0x4a,0x5a,0x4b,0x5a,0x4b,0x5a,0x4b,0x5a,
    0x4b,0x5a,0x4b,0x9b,0x5b,0x5a,0x4b,0x5a,0x4b,0xff,0xb9,0x4b,0x59,0x43,0xda,0x4b,
    0xda,0x4b,0x9c,0x5c,0x5a,0x54,0xf8,0x4b,0x19,0x5c,0x34,0x3b,0xb5,0x53,0xb5,0x53,
    0xd6,0x4b,0x89,0x21,0x58,0x64,0x58,0x64,0xb5,0x53,0xb5,0x53,0xd6,0x5b,0xb5,0x53,
    0xd6,0x5b,0xd6,0x5b,0x14,0x53,0x79,0x8b,0xdd,0xac,0xdd,0xac,0xdd,0xac,0x7f,0xb5,
    0x7f,0xb5,0x7f,0xb5,0x7f,0xb5,0x1e,0x95,0x1e,0x95,0xdf,0x9d,0x9f,0xa6,0x9f,0xa6,
    0x9f,0xa6,0x1f,0x8e,0x7f,0x85,0xbc,0x74,0xbc,0x74,0xdd,0x6c,0xdd,0x6c,0x3b,0x6d,
    0x9a,0x54,0x58,0x4c,0x58,0x4c,0x9a,0x54,0x39,0x4c,0x97,0x33,0x56,0x33,0xb9,0x4b,
    0xb9,0x4b,0xb9,0x4b,0x37,0x33,0xf6,0x32,0x56,0x33,0x56,0x33,0x35,0x2b,0xb4,0x22,
    0xb3,0x1a,0xb3,0x1a,0xb3,0x1a,0xf4,0x2a,0xf5,0x22,0x97,0x33,0xde,0x75,0x3f,0x7e,
    0x3b,0x6d,0xbf,0x96,0x95,0x43,0x11,0x1a,0x91,0x11,0xd3,0x21,0xd3,0x29,0xd3,0x29,
    0xd3,0x29,0xd3,0x29,0xd3,0x29,0x13,0x22,0x13,0x22,0x13,0x22,0x14,0x2a,0x34,0x32,
    0x14,0x22,0x14,0x22,0x12,0x1a,0x74,0x22,0xb9,0x4b,0xb9,0x4b,0x5a,0x54,0xfc,0x64,
    0x98,0x3b,0x97,0x33,0x97,0x33,0x97,0x33,0x37,0x33,0x37,0x33,0xb9,0x4b,0x3b,0x64,
    0x1e,0x75,0x3b,0x64,0x99,0x53,0x7f,0x85,0xdf,0x9d,0xbd,0x74,0xbd,0x74,0xdb,0x53,
    0xdb,0x53,0x3d,0x6c,0xdb,0x53,0x59,0x53,0x59,0x53,0x99,0x53,0x99,0x53,0x99,0x53,
    0xda,0x4b,0xdb,0x53,0xdb,0x53,0x5a,0x4b,0x5a,0x4b,0xd8,0x3a,0xd8,0x3a,0xd8,0x3a,
    0xb8,0x4a,0xb8,0x4a,0xb8,0x4a,0xb8,0x4a,0xff,0x55,0x2a,0x36,0x2a,0x36,0x2a,0xd4,
    0x21,0xd8,0x3a,0xf8,0x32,0xf8,0x32,0xf8,0x32,0xf8,0x32,0xf8,0x32,0xd8,0x3a,0xd8,
    0x3a,0xbd,0x74,0xd3,0x21,0xd3,0x21,0xd3,0x21,0xd3,0x29,0xd3,0x29,0x30,0x19,0x30,
    0x19,0x91,0x29,0x0f,0x21,0xcd,0x10,0x0f,0x21,0xee,0x18,0xee,0x18,0x11,0x21,0x11,
    0x21,0x11,0x21,0x30,0x19,0x72,0x21,0x30,0x19,0xcf,0x18,0x30,0x19,0xcf,0x18,0x72,
    0x21,0x72,0x21,0xb2,0x19,0x91,0x11,0xd7,0x3b,0x7c,0x65,0xbd,0x6d,0xde,0x75,0x3f,
    0x7e,0xfa,0x4c,0xd7,0x3b,0xf8,0x43,0xd7,0x3b,0xd7,0x3b,0x65,0x08,0x01,0x00,0x43,
    0x08,0x8c,0x19,0xd4,0x21,0xd4,0x21,0x35,0x29,0x35,0x29,0x95,0x39,0x95,0x39,0xfd,
    0x93,0x7c,0x7b,0xd5,0x51,0x13,0x41,0x36,0x49,0x36,0x49,0x34,0x39,0x95,0x39,0x72,
    0x21,0xd3,0x21,0x34,0x33,0x9f,0xa6,0xbf,0x96,0x9f,0xa6,0x3b,0x6d,0x75,0x2b,0xd7,
    0x3b,0x58,0x4c,0xd7,0x3b,0x58,0x4c,0x99,0x64,0xf6,0x4b,0x99,0x64,0xdf,0x9d,0xdf,
    0x9d,0x5c,0x7c,0xfa,0x6b,0xfa,0x6b,0x99,0x63,0x3d,0x6c,0xdc,0x63,0xf9,0x4a,0xb9,
    0x52,0x56,0x3a,0x56,0x3a,0x96,0x32,0x96,0x32,0x96,0x32,0x96,0x32,0xb5,0x2a,0xb5,
    0x2a,0xb4,0x22,0xf6,0x32,0x97,0x33,0x37,0x33,0xf8,0x43,0xd7,0x3b,0xf5,0x22,0x75,
    0x2b,0x75,0x2b,0x75,0x2b,0x75,0x2b,0x97,0x33,0x55,0x3b,0xb2,0x2a,0xb2,0x2a,0x71,
    0x22,0xb2,0x2a,0xb2,0x2a,0xb2,0x2a,0xb2,0x2a,0xb2,0x2a,0x10,0x22,0x10,0x22,0x11,
    0x1a,0x10,0x22,0x11,0x1a,0x11,0x1a,0xff,0xf4,0x2a,0x55,0x3b,0x37,0x33,0x37,0x33,
    0xf6,0x32,0x77,0x4b,0x19,0x5c,0xbc,0x74,0x7f,0x85,0x1e,0x95,0x5c,0x7c,0xb5,0x53,
    0x11,0x2a,0x12,0x22,0x0e,0x21,0x0e,0x21,0x0e,0x21,0xd3,0x29,0xd3,0x29,0xb4,0x31,
    0x72,0x21,0x11,0x21,0x52,0x29,0x52,0x29,0x52,0x29,0x52,0x39,0x52,0x39,0x51,0x31,
    0x51,0x31,0x10,0x31,0x0f,0x21,0xad,0x30,0xad,0x30,0x89,0x18,0xad,0x30,0x65,0x08,
    0x65,0x08,0x22,0x00,0x71,0x49,0x71,0x49,0x30,0x31,0x0e,0x21,0x0e,0x21,0x71,0x49,
    0x71,0x49,0x71,0x49,0x71,0x49,0x71,0x49,0x71,0x49,0x92,0x59,0xf4,0x51,0xd5,0x51,
    0xd5,0x51,0xf4,0x51,0xf4,0x51,0x77,0x5a,0x78,0x6a,0x37,0x5b,0x5c,0x7c,0x5c,0x7c,
    0x5c,0x7c,0x1e,0x95,0x1e,0x95,0x1e,0x95,0x5c,0x7c,0x5c,0x7c,0x99,0x63,0xb9,0x52,
    0x76,0x4a,0x17,0x4b,0x17,0x4b,0x17,0x4b,0x59,0x53,0x59,0x53,0x59,0x53,0xdb,0x53,
    0xda,0x4b,0xda,0x4b,0xb9,0x4b,0xda,0x4b,0x59,0x53,0x59,0x53,0x55,0x32,0x55,0x32,
    0x14,0x2a,0x14,0x2a,0x17,0x43,0x34,0x32,0xd4,0x21,0xd4,0x21,0xd3,0x21,0x13,0x22,
    0xd3,0x21,0x13,0x22,0x13,0x22,0xf5,0x42,0x77,0x4b,0x5c,0x7c,0xbd,0x74,0x99,0x53,
    0x17,0x43,0xb7,0x3a,0x34,0x32,0x55,0x32,0x34,0x32,0x56,0x3a,0x56,0x3a,0x56,0x3a,
    0x56,0x3a,0x56,0x3a,0x36,0x2a,0x56,0x3a,0x56,0x3a,0x59,0x53,0x59,0x53,0x19,0x5c,
    0xbc,0x74,0x9f,0xa6,0x9f,0xa6,0x1f,0xb7,0x1f,0xb7,0x9f,0xa6,0x9f,0xa6,0x1f,0x8e,
    0x7c,0x7d,0x58,0x4c,0xfa,0x4c,0xff,0xfa,0x4c,0xfa,0x4c,0x58,0x4c,0x58,0x4c,0x58,
    0x4c,0xd7,0x3b,0x97,0x33,0x56,0x33,0x56,0x33,0xf5,0x22,0x35,0x2b,0x56,0x33,0x56,
    0x33,0x34,0x3b,0xf1,0x42,0x84,0x08,0x00,0x00,0x00,0x00,0x00,0x00,0x00,0x00,0x00,
    0x00,0x22,0x00,0x85,0x10,0x34,0x3b,0x17,0x43,0xf8,0x32,0x37,0x33,0x74,0x22,0x74,
    0x22,0xb5,0x2a,0xb5,0x2a,0x1e,0x75,0xda,0x4b,0xf6,0x32,0xb9,0x4b,0x74,0x22,0x74,
    0x22,0xb5,0x2a,0x12,0x1a,0x34,0x32,0x13,0x22,0x13,0x22,0x13,0x22,0x13,0x22,0x91,
    0x11,0x74,0x22,0x5a,0x4b,0xf8,0x32,0x5a,0x4b,0xf8,0x32,0x59,0x43,0xf8,0x32,0xf8,
    0x32,0xf8,0x32,0xdb,0x53,0xdb,0x53,0x5a,0x4b,0x59,0x43,0x59,0x43,0x56,0x33,0xf6,
    0x32,0x56,0x33,0xd6,0x4b,0xb5,0x53,0xf0,0x42,0x2c,0x32,0x84,0x08,0x22,0x00,0x00,
    0x00,0x00,0x00,0x00,0x00,0x00,0x00,0x00,0x00,0x00,0x00,0x00,0x00,0x00,0x00,0x00,
    0x00,0x00,0x00,0x00,0x00,0x00,0x00,0x00,0x00,0x00,0x00,0x00,0x00,0x00,0x00,0x01,
    0x00,0x42,0x08,0x42,0x08,0x42,0x08,0x42,0x08,0x42,0x08,0x84,0x08,0xa5,0x10,0xa7,
    0x18,0x8c,0x19,0xd6,0x5b,0x77,0x4b,0xf6,0x32,0x99,0x53,0x99,0x53,0xdd,0x6c,0x7f,
    0x85,0x1f,0xb7,0x9f,0xa6,0x7c,0x7d,0x7c,0x7d,0x19,0x5c,0xf6,0x4b,0x95,0x43,0xf8,
    0x43,0x58,0x4c,0x97,0x33,0x97,0x33,0x35,0x2b,0xf5,0x22,0x35,0x2b,0x35,0x2b,0xb4,
    0x22,0x35,0x2b,0x35,0x2b,0xf4,0x2a,0x75,0x2b,0x9a,0x54,0xbd,0x6d,0xbd,0x6d,0xbd,
    0x6d,0x3f,0x7e,0xf6,0x4b,0xff,0xb2,0x2a,0x6e,0x11,0x72,0x21,0xb2,0x19,0xb2,0x19,
    0xd3,0x21,0xd3,0x21,0xd3,0x21,0xd3,0x21,0xd3,0x21,0xd3,0x21,0xb2,0x19,0xd3,0x21,
    0xb2,0x19,0xd3,0x21,0xd3,0x21,0xd3,0x21,0xd4,0x21,0xd3,0x21,0x13,0x22,0x13,0x22,
    0xda,0x4b,0xda,0x4b,0x1e,0x75,0x97,0x33,0x39,0x4c,0x9a,0x54,0xfc,0x64,0x77,0x4b,
    0xb2,0x2a,0x93,0x32,0x52,0x32,0x93,0x32,0x52,0x32,0x10,0x22,0x6e,0x11,0x52,0x32,
    0x77,0x4b,0xbd,0x74,0x1e,0x75,0xbd,0x74,0x3b,0x64,0xdd,0x6c,0x3b,0x64,0xbd,0x74,
    0xbd,0x74,0x5a,0x54,0x9c,0x5c,0xda,0x4b,0xdb,0x53,0x17,0x43,0xf8,0x32,0x59,0x43,
    0x59,0x43,0xf9,0x4a,0x56,0x3a,0x1a,0x53,0xf9,0x4a,0xb8,0x4a,0x5a,0x4b,0x5a,0x4b,
    0x5a,0x4b,0x5a,0x4b,0xf8,0x32,0xf8,0x32,0xf8,0x32,0xf8,0x32,0xf8,0x32,0xb7,0x32,
    0x9b,0x5b,0xdc,0x63,0x34,0x32,0x14,0x2a,0xb2,0x19,0xf3,0x29,0x72,0x21,0xcf,0x18,
    0x0f,0x21,0x0f,0x21,0xee,0x18,0x0f,0x21,0xee,0x18,0xee,0x18,0xee,0x18,0x0f,0x21,
    0x10,0x31,0x10,0x31,0xee,0x18,0xcf,0x18,0x30,0x19,0x30,0x19,0xcf,0x18,0xcf,0x18,
    0x30,0x19,0x30,0x19,0x30,0x19,0x30,0x19,0x72,0x21,0x12,0x1a,0x12,0x1a,0xf8,0x4b,
    0x1f,0x8e,0x3f,0x7e,0xbf,0x96,0x7c,0x65,0xd7,0x3b,0xd7,0x3b,0xf4,0x2a,0x99,0x64,
    0xb5,0x53,0x74,0x32,0x17,0x43,0x72,0x21,0xd3,0x21,0x72,0x21,0x14,0x3a,0xb9,0x52,
    0x7f,0xb5,0xf2,0x38,0x17,0x5a,0x33,0x29,0xf2,0x38,0x17,0x5a,0x11,0x21,0x52,0x29,
    0x14,0x3a,0xf8,0x4b,0xff,0x1f,0xb7,0x1e,0x86,0x1e,0x86,0xbd,0x6d,0x58,0x4c,0x75,
    0x2b,0xfc,0x64,0xfb,0x5c,0x9a,0x54,0xfb,0x5c,0x58,0x4c,0x55,0x3b,0xf8,0x4b,0xbc,
    0x74,0x93,0x32,0x37,0x5b,0x7f,0xb5,0x7f,0xb5,0x1e,0x95,0x5c,0x7c,0x7c,0x7b,0x7c,
    0x7b,0x78,0x6a,0x78,0x6a,0x7c,0x7b,0x7c,0x7b,0xda,0x62,0x37,0x5b,0x17,0x4b,0x17,
    0x4b,0xb7,0x3a,0x96,0x32,0x14,0x2a,0xb7,0x3a,0x37,0x33,0x37,0x33,0x59,0x43,0xb9,
    0x4b,0xf8,0x43,0x59,0x43,0x56,0x33,0x56,0x33,0xf5,0x22,0x55,0x3b,0x93,0x32,0x11,
    0x1a,0x11,0x1a,0xb2,0x2a,0xb2,0x2a,0x93,0x32,0x52,0x32,0x52,0x32,0x93,0x32,0xf5,
    0x42,0xf5,0x42,0xf5,0x42,0x93,0x32,0x93,0x32,0x93,0x32,0xb5,0x2a,0xb5,0x2a,0x13,
    0x22,0x13,0x22,0x14,0x2a,0xb4,0x31,0xd3,0x21,0x96,0x32,0x56,0x3a,0xb7,0x3a,0x96,
    0x32,0x96,0x32,0xb8,0x4a,0x17,0x43,0xd8,0x3a,0x59,0x53,0x99,0x53,0x99,0x63,0x99,
    0x63,0x99,0x63,0xda,0x62,0x77,0x5a,0x77,0x5a,0x92,0x39,0x10,0x31,0xad,0x30,0xee,
    0x18,0xad,0x30,0xad,0x30,0x6b,0x28,0xad,0x30,0xad,0x30,0xad,0x30,0xad,0x30,0xad,
    0x30,0xad,0x30,0xad,0x30,0xad,0x30,0xcb,0x18,0x30,0x31,0x30,0x31,0x0e,0x21,0x0e,
    0x21,0x11,0x41,0x11,0x41,0x52,0x49,0x52,0x49,0x73,0x49,0x73,0x49,0x74,0x51,0x74,
    0x51,0xd5,0x51,0xd5,0x51,0xf4,0x51,0xf4,0x51,0x77,0x5a,0xda,0x62,0x78,0x6a,0x76,
    0x4a,0x55,0x42,0x76,0x4a,0x76,0x4a,0xb9,0x52,0xb8,0x4a,0x56,0x3a,0x76,0x4a,0xb8,
    0x4a,0xb9,0x52,0xfd,0xb9,0x52,0x99,0x63,0x99,0x63,0x98,0x53,0x59,0x53,0x59,0x53,
    0x59,0x53,0x96,0x32,0xb5,0x2a,0xb5,0x2a,0xb5,0x2a,0xb5,0x2a,0x14,0x2a,0x14,0x2a,
    0xf3,0x29,0x14,0x2a,0x14,0x2a,0x14,0x2a,0xb7,0x3a,0xd3,0x29,0x30,0x19,0x30,0x19,
    0xd3,0x21,0xb2,0x19,0x91,0x11,0x91,0x11,0xb2,0x19,0xd3,0x29,0xd3,0x29,0x17,0x4b,
    0x17,0x43,0x3d,0x6c,0xbd,0x74,0xbd,0x74,0x3d,0x6c,0x17,0x43,0x96,0x32,0x56,0x3a,
    0x55,0x32,0x56,0x3a,0x55,0x2a,0xb7,0x3a,0x17,0x43,0x99,0x53,0xda,0x4b,0x1f,0x8e,
    0x9f,0xa6,0x9f,0xa6,0x9f,0xa6,0x9f,0xa6,0x1f,0xb7,0x1f,0xb7,0x1f,0xb7,0x9f,0xa6,
    0x9f,0xa6,0x7c,0x7d,0xfb,0x5c,0xfa,0x4c,0xfa,0x4c,0xf8,0x43,0xd7,0x3b,0x9a,0x54,
    0x58,0x4c,0x58,0x4c,0xd7,0x3b,0xf8,0x43,0x56,0x33,0x56,0x33,0x56,0x33,0x35,0x2b,
    0xf4,0x2a,0xd6,0x4b,0xf0,0x42,0xa5,0x10,0x00,0x00,0x00,0x00,0x00,0x00,0x00,0x00,
    0x00,0x00,0x00,0x00,0x00,0x00,0x00,0x00,0x85,0x10,0xf1,0x42,0x74,0x32,0x37,0x33,
    0xb7,0x32,0xb7,0x32,0xf6,0x32,0x13,0x22,0x7f,0x85,0x1f,0x8e,0xf8,0x43,0xf5,0x22,
    0xb5,0x2a,0xf6,0x32,0xb5,0x2a,0x74,0x22,0x96,0x32,0xd3,0x21,0x13,0x22,0x13,0x22,
    0x91,0x11,0x59,0x43,0xb9,0x4b,0x59,0x43,0x59,0x43,0xf8,0x32,0xf8,0x32,0xf8,0x32,
    0xf8,0x32,0xf8,0x32,0xf8,0x32,0x5a,0x4b,0xdb,0x53,0xf6,0x32,0x37,0x33,0x59,0x43,
    0x56,0x33,0x34,0x3b,0xb5,0x53,0x51,0x53,0x89,0x21,0x01,0x00,0x00,0x00,0x1a,0x00,
    0x00,0xff,0xa7,0x18,0x43,0x08,0xcb,0x29,0xf1,0x42,0x17,0x43,0x55,0x2a,0xd3,0x21,
    0x14,0x22,0x74,0x22,0x91,0x11,0x35,0x2b,0xbc,0x74,0x9f,0xa6,0x9f,0xa6,0x9f,0xa6,
    0xfb,0x5c,0xfb,0x5c,0x9a,0x54,0x58,0x4c,0x97,0x33,0x35,0x2b,0xb3,0x1a,0xf4,0x2a,
    0xf4,0x2a,0xb4,0x22,0xb3,0x1a,0x97,0x33,0xfa,0x4c,0xde,0x75,0xbd,0x6d,0xbd,0x6d,
    0x7c,0x65,0x3f,0x7e,0xde,0x75,0x6e,0x11,0x91,0x11,0x91,0x11,0x72,0x21,0xb2,0x19,
    0xb2,0x19,0xb2,0x19,0xd3,0x21,0xd3,0x21,0xd3,0x29,0xd3,0x21,0xd3,0x21,0xb2,0x19,
    0xd3,0x21,0xb2,0x19,0xd3,0x21,0xd3,0x21,0xd3,0x21,0xb2,0x19,0xd3,0x21,0x13,0x22,
    0xb5,0x2a,0xda,0x4b,0xda,0x4b,0xf8,0x43,0xfc,0x64,0x75,0x2b,0xfb,0x5c,0x19,0x5c,
    0x11,0x1a,0x11,0x1a,0x71,0x22,0x93,0x32,0x10,0x22,0xcf,0x19,0x6e,0x11,0xcf,0x19,
    0x52,0x32,0x10,0x22,0x98,0x53,0x3b,0x64,0x7f,0x85,0x7f,0x85,0xdd,0x6c,0xdd,0x6c,
    0xbd,0x74,0xbd,0x74,0x7f,0x85,0x1e,0x75,0x3b,0x64,0x9c,0x5c,0xda,0x4b,0xda,0x4b,
    0x5a,0x4b,0x5a,0x4b,0x5a,0x4b,0xf9,0x4a,0x1a,0x53,0x1a,0x53,0xb8,0x4a,0xf8,0x32,
    0x5a,0x4b,0x5a,0x4b,0x5a,0x4b,0x5a,0x4b,0x5a,0x4b,0xf8,0x32,0xf8,0x32,0xf8,0x32,
    0x5a,0x4b,0x3d,0x6c,0x59,0x53,0xb2,0x19,0x14,0x2a,0xf3,0x29,0x30,0x19,0x72,0x21,
    0xcf,0x18,0x91,0x29,0xcd,0x10,0xee,0x18,0x0f,0x21,0xee,0x18,0x0f,0x21,0xee,0x18,
    0x0f,0x21,0x10,0x31,0x10,0x31,0xee,0x18,0xcf,0x18,0x30,0x19,0x30,0x19,0x91,0x29,
    0xff,0xcf,0x18,0x30,0x19,0x30,0x19,0x30,0x19,0x30,0x19,0x72,0x21,0x12,0x1a,0x12,
    0x1a,0x35,0x2b,0x9a,0x54,0xbf,0x96,0x3f,0x7e,0x3f,0x7e,0xbd,0x6d,0xfa,0x4c,0xbd,
    0x6d,0x1f,0x8e,0x1f,0x8e,0x12,0x1a,0xb2,0x19,0x14,0x3a,0xd3,0x21,0x14,0x3a,0x35,
    0x4a,0x7f,0xb5,0x95,0x41,0x34,0x39,0x34,0x39,0x33,0x29,0x95,0x39,0xb3,0x39,0x52,
    0x29,0xf5,0x42,0x93,0x32,0x9f,0xa6,0x1e,0x86,0xbd,0x6d,0x7c,0x65,0xfa,0x4c,0xfa,
    0x4c,0xbd,0x6d,0x99,0x64,0x58,0x4c,0x9a,0x54,0x58,0x4c,0xd7,0x3b,0x55,0x3b,0x34,
    0x33,0xb2,0x2a,0x93,0x32,0x93,0x32,0x37,0x5b,0x5c,0x7c,0x7f,0xb5,0x7f,0xb5,0x7c,
    0x7b,0x7c,0x7b,0x7c,0x7b,0x1b,0x8b,0xfd,0x93,0xfe,0xa3,0xfd,0x93,0x5c,0x7c,0x37,
    0x5b,0x37,0x5b,0x17,0x4b,0x99,0x63,0x3d,0x6c,0xfa,0x6b,0x99,0x53,0xdb,0x53,0x55,
    0x2a,0x55,0x2a,0x37,0x33,0x59,0x43,0x37,0x33,0x56,0x33,0xf5,0x22,0x12,0x1a,0x13,
    0x22,0x11,0x1a,0x11,0x1a,0x10,0x22,0xcf,0x19,0xcf,0x19,0xcf,0x19,0x6e,0x11,0x6e,
    0x11,0xcd,0x10,0xcd,0x10,0x6e,0x11,0x6e,0x11,0x30,0x19,0x30,0x19,0x72,0x21,0x14,
    0x22,0x13,0x22,0x13,0x22,0x55,0x32,0xb4,0x31,0x96,0x32,0x96,0x32,0x56,0x3a,0xb7,
    0x3a,0xb8,0x4a,0xb8,0x4a,0xb8,0x4a,0x17,0x43,0x59,0x53,0x9b,0x5b,0x9b,0x5b,0x99,
    0x63,0x17,0x4b,0x76,0x4a,0x52,0x29,0x51,0x31,0x51,0x31,0x0f,0x21,0xad,0x30,0x6b,
    0x28,0x6b,0x28,0xad,0x30,0xad,0x30,0x6b,0x28,0xad,0x30,0xad,0x30,0xad,0x30,0xff,
    0xad,0x30,0xad,0x30,0xcf,0x30,0xad,0x30,0xad,0x30,0x01,0x00,0x43,0x08,0x43,0x08,
    0x65,0x08,0x65,0x08,0x67,0x10,0x67,0x10,0x68,0x18,0x89,0x18,0x89,0x18,0x89,0x18,
    0xef,0x28,0xef,0x28,0xef,0x28,0xef,0x28,0x11,0x39,0xf2,0x38,0xef,0x28,0xef,0x28,
    0xef,0x28,0x51,0x29,0x33,0x29,0x33,0x29,0x33,0x29,0x33,0x29,0x33,0x29,0x33,0x29,
    0x52,0x29,0xb4,0x31,0xb3,0x39,0x95,0x39,0x95,0x39,0x55,0x42,0x14,0x2a,0x72,0x21,
    0x72,0x21,0xd3,0x21,0x55,0x32,0x96,0x32,0x96,0x32,0x14,0x22,0x55,0x32,0x96,0x32,
    0x96,0x32,0x55,0x32,0xf3,0x29,0x30,0x19,0x30,0x19,0x30,0x19,0x30,0x19,0xcf,0x18,
    0x72,0x21,0x11,0x21,0x72,0x21,0x72,0x21,0x72,0x21,0x72,0x21,0x72,0x21,0x72,0x21,
    0xf3,0x29,0xf3,0x29,0x14,0x2a,0x14,0x2a,0x34,0x32,0x34,0x32,0x17,0x43,0x59,0x43,
    0xdd,0x6c,0xdd,0x6c,0xfc,0x64,0xfc,0x64,0xdd,0x6c,0x7f,0x85,0x1f,0x8e,0x1f,0x8e,
    0xde,0x75,0x7c,0x65,0x3b,0x6d,0x3b,0x6d,0x58,0x6c,0x58,0x6c,0x8c,0x19,0x6a,0x19,
    0x65,0x08,0xc9,0x18,0xf0,0x42,0xb4,0x53,0x50,0x32,0x50,0x32,0x34,0x3b,0x34,0x3b,
    0xd6,0x5b,0xd6,0x5b,0xb5,0x53,0x34,0x3b,0xb5,0x53,0x56,0x33,0x34,0x3b,0xf1,0x42,
    0xf0,0x42,0xa5,0x10,0x01,0x00,0x00,0x00,0x00,0x00,0x00,0x00,0x00,0x00,0x00,0x00,
    0x00,0x00,0x00,0x00,0x00,0x00,0x00,0x00,0x00,0x00,0x00,0x00,0x00,0x00,0x01,0x00,
    0x85,0x10,0x50,0x32,0x34,0x3b,0x74,0x22,0xf6,0x32,0x56,0x33,0x56,0x33,0x9d,0xbf,
    0x96,0xfc,0x64,0xf5,0x22,0x12,0x1a,0xb3,0x1a,0x13,0x22,0x12,0x1a,0x13,0x22,0xb5,
    0x2a,0x3b,0x64,0xda,0x4b,0xb9,0x4b,0x37,0x33,0x37,0x33,0xf8,0x32,0xf8,0x32,0xf8,
    0x32,0x55,0x2a,0x59,0x43,0xda,0x4b,0x5a,0x4b,0x37,0x33,0x37,0x33,0xf6,0x32,0xf8,
    0x4b,0xf1,0x42,0xf0,0x42,0x22,0x00,0x00,0x00,0x21,0x00,0x00,0xff,0x06,0x19,0xf5,
    0x62,0xd8,0x3a,0xd8,0x3a,0x36,0x2a,0x36,0x2a,0x55,0x2a,0xd4,0x21,0x12,0x1a,0x13,
    0x22,0x71,0x22,0xb2,0x2a,0x3b,0x6d,0xbf,0x96,0xbf,0x96,0x1e,0x86,0x3b,0x6d,0x7c,
    0x65,0x7c,0x65,0xfa,0x4c,0xfb,0x5c,0xfa,0x4c,0x7c,0x65,0xbd,0x6d,0x7c,0x65,0xfa,
    0x4c,0xfa,0x4c,0x3f,0x7e,0xbd,0x6d,0xb3,0x1a,0x11,0x1a,0x91,0x11,0x30,0x19,0xd3,
    0x29,0x30,0x19,0xb2,0x19,0xb2,0x19,0xb2,0x19,0xd3,0x21,0x13,0x22,0xd3,0x21,0xd3,
    0x21,0xd3,0x21,0xd3,0x21,0xd3,0x21,0xd3,0x21,0xd3,0x21,0xd3,0x21,0xd3,0x21,0xd3,
    0x21,0xb2,0x19,0xd4,0x21,0xd3,0x21,0x74,0x22,0x98,0x3b,0x1e,0x75,0xfc,0x64,0xde,
    0x75,0x35,0x2b,0xb2,0x2a,0xb2,0x2a,0xb2,0x2a,0x52,0x32,0xcf,0x19,0x52,0x32,0x10,
    0x22,0x52,0x32,0x52,0x32,0x52,0x32,0x52,0x32,0x93,0x32,0xf5,0x42,0x77,0x4b,0xf6,
    0x32,0xdd,0x6c,0x7f,0x85,0x1f,0x8e,0x1f,0x8e,0xdd,0x6c,0x5a,0x54,0xdd,0x6c,0xdd,
    0x6c,0xda,0x4b,0x5a,0x54,0xb9,0x4b,0xdb,0x53,0x59,0x43,0x5a,0x4b,0x5a,0x4b,0x5a,
    0x4b,0x5a,0x4b,0x5a,0x4b,0x5a,0x4b,0x5a,0x4b,0x5a,0x4b,0xf8,0x32,0x5a,0x4b,0x5a,
    0x4b,0x5a,0x4b,0x9b,0x5b,0x3d,0x6c,0x56,0x3a,0x56,0x3a,0x72,0x21,0x72,0x21,0x11,
    0x21,0x14,0x3a,0x91,0x29,0x91,0x29,0x70,0x29,0x70,0x29,0xd2,0x39,0x91,0x29,0x0f,
    0x21,0x0f,0x21,0xee,0x18,0x0f,0x21,0xee,0x18,0xee,0x18,0xee,0x18,0xcf,0x18,0xcf,
    0x18,0xcf,0x18,0xee,0x18,0xcf,0x18,0xcf,0x18,0xcf,0x18,0xff,0xcf,0x18,0x30,0x19,
    0xcf,0x18,0x72,0x21,0x72,0x21,0x30,0x19,0x71,0x22,0xf4,0x2a,0xfb,0x5c,0xbd,0x6d,
    0x3f,0x7e,0xfa,0x4c,0x7c,0x65,0x7c,0x65,0x9a,0x54,0x7f,0x85,0x59,0x53,0x0f,0x21,
    0x35,0x4a,0x7f,0xb5,0xfd,0x93,0x17,0x5a,0x95,0x39,0x95,0x41,0x95,0x41,0xb4,0x31,
    0xb3,0x39,0x6e,0x11,0x11,0x1a,0x9f,0xa6,0xbf,0x96,0xbd,0x6d,0xfb,0x5c,0x3b,0x6d,
    0xb5,0x53,0x2c,0x32,0x06,0x19,0x22,0x00,0xa5,0x10,0x48,0x19,0x50,0x32,0x50,0x32,
    0xb2,0x2a,0xb2,0x2a,0x34,0x33,0xb2,0x2a,0xb2,0x2a,0x52,0x32,0xb2,0x2a,0xb2,0x2a,
    0x93,0x32,0x52,0x32,0x99,0x63,0x1e,0x95,0xfd,0x93,0xfd,0x93,0x1b,0x8b,0xfd,0x93,
    0xfd,0x93,0x7f,0xb5,0x5c,0x7c,0x78,0x73,0x7f,0xb5,0x7f,0xb5,0x77,0x5a,0x37,0x5b,
    0xb9,0x52,0x56,0x3a,0x57,0x42,0x57,0x42,0xb8,0x4a,0x57,0x42,0xd8,0x3a,0xd8,0x3a,
    0xb8,0x4a,0x56,0x3a,0x13,0x22,0x91,0x11,0x91,0x11,0x12,0x1a,0xcf,0x19,0x6e,0x11,
    0xcf,0x19,0x6e,0x11,0x6e,0x11,0x91,0x29,0xcf,0x19,0x91,0x29,0xd3,0x29,0xf3,0x29,
    0xf3,0x29,0x56,0x3a,0x57,0x42,0xb8,0x4a,0xda,0x62,0xda,0x62,0xb9,0x52,0xda,0x62,
    0xda,0x62,0xb9,0x52,0xda,0x62,0x77,0x5a,0x77,0x5a,0x51,0x29,0x51,0x29,0x51,0x29,
    0x51,0x29,0x30,0x31,0x30,0x31,0x51,0x31,0x51,0x31,0xef,0x28,0xad,0x30,0xad,0x30,
    0xad,0x30,0xad,0x30,0xad,0x30,0xad,0x30,0x6b,0x28,0xad,0x30,0xad,0x30,0x6b,0x28,
    0x6b,0x28,0x6b,0x28,0xad,0x30,0xad,0x30,0xad,0x30,0xff,0xad,0x30,0x6b,0x28,0x00,
    0x00,0x00,0x00,0x00,0x00,0x00,0x00,0x00,0x00,0x00,0x00,0x01,0x00,0x22,0x00,0x43,
    0x08,0x43,0x08,0x43,0x08,0x67,0x10,0x67,0x10,0x68,0x18,0x68,0x18,0x01,0x00,0x01,
    0x00,0x68,0x18,0xcb,0x18,0xcb,0x18,0xcb,0x18,0xcb,0x18,0xcb,0x18,0xcb,0x18,0xcb,
    0x18,0xcb,0x18,0xcb,0x18,0xcb,0x18,0xcb,0x18,0x0e,0x21,0x0e,0x21,0x0e,0x21,0xef,
    0x28,0xcb,0x18,0x30,0x19,0x30,0x19,0x89,0x18,0x72,0x21,0x72,0x21,0x72,0x21,0xd3,
    0x29,0xb4,0x31,0x14,0x2a,0x14,0x2a,0x72,0x21,0x30,0x19,0x11,0x21,0x11,0x21,0x11,
    0x21,0x11,0x21,0xcf,0x18,0xcf,0x18,0x0f,0x21,0x11,0x21,0x11,0x21,0x10,0x31,0x70,
    0x29,0x11,0x21,0x91,0x29,0x72,0x21,0x72,0x21,0xd3,0x29,0x13,0x22,0xf3,0x29,0xb7,
    0x3a,0x17,0x43,0xb5,0x2a,0x56,0x33,0x98,0x3b,0x39,0x4c,0x9a,0x54,0x9a,0x54,0xbd,
    0x6d,0x3b,0x6d,0x3b,0x6d,0xd6,0x5b,0xd6,0x5b,0xb4,0x53,0xf0,0x42,0xa7,0x18,0x43,
    0x08,0x43,0x08,0x22,0x00,0x01,0x00,0x01,0x00,0x22,0x00,0x22,0x00,0x06,0x19,0x06,
    0x19,0x89,0x21,0x06,0x19,0xa5,0x10,0xa5,0x10,0x48,0x19,0x48,0x19,0x2c,0x32,0x2c,
    0x32,0x2c,0x32,0x84,0x08,0x01,0x00,0x00,0x00,0x00,0x00,0x00,0x00,0x00,0x00,0x00,
    0x00,0x00,0x00,0x00,0x00,0x00,0x00,0x00,0x00,0x00,0x00,0x00,0x00,0x00,0x00,0x00,
    0x00,0x00,0x00,0x00,0x00,0x00,0x00,0x85,0x10,0x6a,0x19,0x95,0x43,0xf5,0x22,0xf5,
    0x22,0x11,0x1a,0xf8,0x43,0x1f,0x8e,0xfc,0x64,0x99,0xd7,0x3b,0x75,0x2b,0x35,0x2b,
    0xf5,0x22,0xfc,0x64,0xbc,0x74,0x37,0x33,0x37,0x33,0x13,0x22,0xb5,0x2a,0xf8,0x32,
    0xf8,0x32,0xf8,0x32,0xf8,0x32,0xb7,0x32,0x59,0x43,0x98,0x3b,0x98,0x3b,0x97,0x33,
    0x98,0x3b,0x34,0x3b,0xd6,0x5b,0x06,0x19,0x42,0x08,0x00,0x00,0x23,0x00,0x00,0xff,
    0x89,0x21,0x74,0x32,0xd8,0x3a,0x55,0x2a,0x55,0x2a,0x36,0x2a,0x36,0x2a,0x36,0x2a,
    0xd4,0x21,0x91,0x11,0x14,0x2a,0x71,0x22,0x34,0x33,0x7c,0x7d,0xbf,0x96,0x1f,0x8e,
    0xbd,0x6d,0xbd,0x6d,0x7c,0x65,0x7c,0x65,0x7c,0x65,0xfa,0x4c,0xfa,0x4c,0xfa,0x4c,
    0x9a,0x54,0xfb,0x5c,0x97,0x33,0xb3,0x1a,0x11,0x1a,0x12,0x1a,0x30,0x19,0xb2,0x19,
    0xb2,0x19,0xb2,0x19,0xd3,0x21,0xd3,0x21,0xb2,0x19,0xd3,0x21,0xd3,0x21,0xd3,0x21,
    0xd3,0x21,0xd3,0x21,0xd4,0x21,0xd4,0x21,0xd3,0x21,0xd4,0x21,0xd4,0x21,0xd4,0x21,
    0xd4,0x21,0x14,0x22,0xd4,0x21,0x34,0x32,0x11,0x2a,0xb2,0x2a,0x34,0x3b,0x58,0x64,
    0x34,0x3b,0x75,0x2b,0x34,0x33,0x52,0x32,0x10,0x22,0xcf,0x19,0x52,0x32,0x10,0x22,
    0x6e,0x11,0x10,0x22,0x52,0x32,0x52,0x32,0x10,0x22,0xb2,0x2a,0x11,0x1a,0xda,0x4b,
    0xdd,0x6c,0x37,0x33,0x56,0x33,0x1e,0x75,0x9f,0xa6,0x7f,0x85,0xdd,0x6c,0x5a,0x54,
    0xfc,0x64,0x5a,0x54,0xda,0x4b,0x98,0x3b,0xb9,0x4b,0xb9,0x4b,0x59,0x43,0x5a,0x4b,
    0xd8,0x3a,0xf8,0x32,0xf9,0x4a,0x1a,0x53,0x5a,0x4b,0x5a,0x4b,0x5a,0x4b,0x5a,0x4b,
    0x5a,0x4b,0xdc,0x63,0x3d,0x6c,0x1a,0x53,0x35,0x4a,0x35,0x4a,0x52,0x29,0xb3,0x39,
    0x0f,0x21,0x0f,0x21,0x91,0x29,0x0f,0x21,0x0f,0x21,0x0f,0x21,0x91,0x29,0xee,0x18,
    0x0f,0x21,0x0f,0x21,0xee,0x18,0xee,0x18,0x0f,0x21,0x0f,0x21,0xee,0x18,0xee,0x18,
    0xee,0x18,0xee,0x18,0xcd,0x10,0xee,0x18,0xee,0x18,0xcd,0x10,0xcd,0x10,0xff,0xcd,
    0x10,0xcf,0x18,0x30,0x19,0x30,0x19,0xb2,0x19,0xcf,0x19,0x71,0x22,0x71,0x22,0xbf,
    0x96,0x3f,0x7e,0xbd,0x6d,0x75,0x2b,0xbd,0x6d,0xfb,0x5c,0xdd,0x6c,0xdf,0x9d,0x78,
    0x73,0xfd,0x93,0x7f,0xb5,0xf2,0x38,0x34,0x39,0x95,0x39,0x95,0x41,0x33,0x29,0xd3,
    0x21,0xb2,0x19,0x95,0x43,0x7c,0x7d,0x1e,0x86,0x3f,0x7e,0x1a,0x65,0x1a,0x65,0xf0,
    0x42,0x2c,0x32,0x00,0x00,0x00,0x00,0x00,0x00,0x00,0x00,0x00,0x00,0x01,0x00,0x84,
    0x08,0x48,0x19,0xcb,0x29,0x6a,0x19,0x8c,0x19,0x11,0x2a,0x12,0x22,0x12,0x22,0x6a,
    0x19,0x6a,0x19,0x0e,0x21,0x6a,0x19,0x51,0x29,0x78,0x73,0x78,0x73,0x96,0x72,0x96,
    0x72,0x13,0x62,0x90,0x49,0x85,0x10,0x11,0x2a,0x0e,0x21,0xc9,0x20,0xdd,0xac,0xfd,
    0x93,0x35,0x4a,0x77,0x5a,0xb9,0x52,0xd7,0x41,0xda,0x62,0xd7,0x41,0x57,0x42,0x57,
    0x42,0x1a,0x53,0x1a,0x53,0x1a,0x53,0x14,0x3a,0x14,0x3a,0xb2,0x19,0xb2,0x19,0x91,
    0x11,0xb2,0x19,0xb2,0x19,0xb2,0x19,0x55,0x32,0x55,0x42,0x56,0x3a,0xb9,0x52,0xda,
    0x62,0xda,0x62,0x7c,0x7b,0xda,0x62,0xda,0x62,0xda,0x62,0x78,0x6a,0xda,0x62,0xf4,
    0x51,0xf4,0x51,0xf4,0x51,0x90,0x49,0x0b,0x31,0x0b,0x31,0xc9,0x20,0x0b,0x31,0x01,
    0x00,0xc9,0x18,0xc9,0x18,0xc9,0x18,0x67,0x10,0x67,0x10,0x68,0x18,0x65,0x08,0xad,
    0x30,0xad,0x30,0xad,0x30,0x89,0x18,0x6b,0x28,0x6b,0x28,0x6b,0x28,0x6b,0x28,0x6b,
    0x28,0x6b,0x28,0x6b,0x28,0x6b,0x28,0x6b,0x28,0x6b,0x28,0x6b,0x28,0x82,0x6b,0x28,
    0x00,0x00,0x20,0x00,0x00,0xac,0x01,0x00,0x22,0x00,0x43,0x08,0xa7,0x18,0xc9,0x20,
    0x22,0x00,0xcb,0x18,0x0e,0x21,0x0e,0x21,0xef,0x28,0xef,0x28,0x0e,0x21,0xef,0x28,
    0x11,0x21,0x11,0x21,0x11,0x21,0x52,0x29,0x11,0x21,0x11,0x21,0x11,0x21,0xcf,0x18,
    0x11,0x21,0x11,0x21,0x0f,0x21,0x11,0x21,0x11,0x21,0x30,0x19,0x30,0x19,0x72,0x21,
    0xd3,0x21,0x34,0x32,0x34,0x32,0xb7,0x3a,0xb5,0x2a,0xf8,0x4b,0xf8,0x4b,0x58,0x64,
    0xd6,0x5b,0x51,0x53,0xcb,0x29,0x84,0x08,0x22,0x00,0x01,0x00,0x00,0x00,0x29,0x00,
    0x00,0x9d,0x43,0x08,0x6a,0x19,0x34,0x3b,0x34,0x3b,0xb4,0x22,0xb3,0x1a,0xfb,0x5c,
    0xbf,0x96,0x1f,0x8e,0xde,0x75,0x39,0x4c,0x97,0x33,0x35,0x2b,0x56,0x33,0x37,0x33,
    0x37,0x33,0x98,0x3b,0x98,0x3b,0xf8,0x32,0x59,0x43,0xb5,0x2a,0x5a,0x54,0xb9,0x4b,
    0x95,0x43,0x95,0x43,0x34,0x3b,0x89,0x21,0x84,0x08,0x00,0x00,0x27,0x00,0x00,0xff,
    0x4a,0x39,0xf5,0x62,0xf9,0x4a,0xb7,0x32,0x36,0x2a,0x36,0x2a,0x36,0x2a,0x14,0x22,
    0xb4,0x31,0xb4,0x31,0xd3,0x29,0xf3,0x29,0x13,0x22,0x12,0x1a,0xb4,0x22,0xf4,0x2a,
    0xfb,0x5c,0x1f,0x8e,0x3f,0x7e,0x7c,0x65,0x3f,0x7e,0xde,0x75,0x1e,0x86,0xf4,0x2a,
    0xb3,0x1a,0x13,0x22,0x13,0x22,0x91,0x11,0xb2,0x19,0x14,0x2a,0xd3,0x21,0xb2,0x19,
    0xd4,0x21,0x34,0x32,0x34,0x32,0xd4,0x21,0x14,0x22,0xd4,0x21,0xd4,0x21,0xd4,0x21,
    0xd4,0x21,0xd4,0x21,0xd4,0x21,0x55,0x2a,0x14,0x22,0xd4,0x21,0xd4,0x21,0xd3,0x21,
    0x34,0x32,0x55,0x32,0x12,0x22,0xcb,0x29,0x22,0x00,0x00,0x00,0x42,0x08,0x89,0x21,
    0xf1,0x42,0xf6,0x4b,0x34,0x33,0x34,0x33,0x34,0x33,0x10,0x22,0xb2,0x2a,0x6e,0x11,
    0xcf,0x19,0x10,0x22,0x10,0x22,0x10,0x22,0x71,0x22,0xb2,0x2a,0xb9,0x4b,0x5a,0x54,
    0xdd,0x6c,0x9c,0x5c,0x77,0x4b,0x77,0x4b,0x96,0x32,0x99,0x63,0xbd,0x74,0xdf,0x9d,
    0x7f,0x85,0x7f,0x85,0x1e,0x75,0xdd,0x6c,0xda,0x4b,0xda,0x4b,0xda,0x4b,0xdb,0x53,
    0x5a,0x4b,0xf9,0x4a,0xd8,0x3a,0x5a,0x4b,0x5a,0x4b,0x5a,0x4b,0x5a,0x4b,0x3d,0x6c,
    0xbd,0x74,0x56,0x3a,0x56,0x3a,0x14,0x3a,0x14,0x3a,0xb3,0x39,0xd4,0x49,0x52,0x29,
    0xd4,0x49,0x92,0x39,0xd3,0x41,0xd3,0x41,0xd3,0x41,0x70,0x29,0x92,0x39,0x92,0x39,
    0xee,0x18,0x92,0x39,0x51,0x31,0x10,0x31,0x0f,0x21,0x0f,0x21,0xee,0x18,0xee,0x18,
    0xee,0x18,0xcd,0x10,0xcd,0x10,0xcd,0x10,0xee,0x18,0xee,0x18,0x0f,0x21,0xff,0xcf,
    0x18,0x11,0x21,0x52,0x29,0x30,0x19,0x11,0x21,0x91,0x11,0xd3,0x29,0x93,0x32,0xb2,
    0x2a,0x1f,0x8e,0x1f,0x8e,0xf6,0x4b,0xdf,0x9d,0x9f,0xbe,0xdf,0x9d,0x9f,0xbe,0x7f,
    0xb5,0xd2,0x39,0x51,0x31,0x11,0x21,0x52,0x29,0xd3,0x29,0x91,0x11,0xf6,0x4b,0x1f,
    0xb7,0xbf,0x96,0x1e,0x86,0x3f,0x7e,0x3b,0x6d,0xf0,0x42,0x89,0x21,0x00,0x00,0x00,
    0x00,0x00,0x00,0x00,0x00,0x00,0x00,0x00,0x00,0x00,0x00,0x00,0x00,0x00,0x00,0x00,
    0x00,0x00,0x00,0x00,0x00,0x00,0x00,0x00,0x00,0x00,0x00,0x00,0x00,0x42,0x08,0x42,
    0x08,0x00,0x00,0x42,0x08,0x01,0x00,0x01,0x00,0x01,0x00,0x00,0x00,0x00,0x00,0x00,
    0x00,0x00,0x00,0x00,0x00,0x00,0x00,0x00,0x00,0x00,0x00,0x01,0x00,0x22,0x00,0xe8,
    0x28,0x4c,0x39,0x9a,0x84,0xf4,0x51,0xf4,0x51,0x34,0x39,0x95,0x41,0x95,0x41,0x57,
    0x49,0x36,0x49,0x95,0x41,0x95,0x41,0x95,0x41,0x95,0x41,0x57,0x42,0x57,0x42,0x57,
    0x42,0xd7,0x41,0x57,0x42,0x95,0x39,0x95,0x39,0x17,0x5a,0x77,0x5a,0xb0,0x51,0xb0,
    0x51,0x32,0x62,0x90,0x49,0x67,0x10,0x67,0x10,0x65,0x08,0x43,0x08,0x43,0x08,0x22,
    0x00,0x00,0x00,0x00,0x00,0x00,0x00,0x00,0x00,0x00,0x00,0x00,0x00,0x00,0x00,0x00,
    0x00,0x00,0x00,0x00,0x00,0x00,0x00,0x00,0x00,0x00,0x00,0x00,0x00,0x01,0x00,0x43,
    0x08,0x43,0x08,0x00,0x00,0x43,0x08,0x43,0x08,0x43,0x08,0x68,0x18,0x68,0x18,0x6b,
    0x28,0x6b,0x28,0x6b,0x28,0x6b,0x28,0x6b,0x28,0x6b,0x28,0x6b,0x28,0x26,0x00,0x00,
    0xa2,0x22,0x00,0x22,0x00,0x85,0x10,0xa7,0x18,0xef,0x28,0xef,0x28,0x0e,0x21,0xef,
    0x28,0x11,0x21,0x11,0x21,0x11,0x21,0x52,0x29,0x11,0x21,0x11,0x21,0xcf,0x18,0x0f,
    0x21,0x11,0x21,0x0f,0x21,0x11,0x21,0x11,0x21,0x30,0x19,0x72,0x21,0x30,0x19,0x72,
    0x21,0xd3,0x21,0xd3,0x21,0x34,0x32,0x55,0x32,0xb5,0x2a,0x34,0x3b,0xd6,0x5b,0xf0,
    0x42,0x48,0x19,0x00,0x00,0x2f,0x00,0x00,0x9b,0x01,0x00,0xcb,0x29,0x34,0x3b,0x34,
    0x3b,0x75,0x2b,0x35,0x2b,0x39,0x4c,0x1f,0x8e,0x9c,0x5c,0x39,0x4c,0xf8,0x43,0x97,
    0x33,0xf5,0x22,0x37,0x33,0x98,0x3b,0x5a,0x54,0x98,0x3b,0xb9,0x4b,0x59,0x43,0xda,
    0x4b,0x98,0x3b,0x56,0x33,0x95,0x43,0xb5,0x53,0x2c,0x32,0x42,0x08,0x00,0x00,0x29,
    0x00,0x00,0xff,0x48,0x19,0x1a,0x53,0xb7,0x32,0x36,0x2a,0x36,0x2a,0x36,0x2a,0x36,
    0x2a,0xb4,0x31,0xb4,0x31,0xd3,0x29,0xf3,0x29,0x13,0x22,0x13,0x22,0x91,0x11,0xb2,
    0x2a,0x11,0x1a,0x71,0x22,0xf4,0x2a,0x55,0x3b,0x55,0x3b,0xf4,0x2a,0x71,0x22,0x11,
    0x1a,0x71,0x22,0x13,0x22,0x13,0x22,0xd3,0x21,0xb2,0x19,0xd3,0x21,0xd3,0x21,0xb2,
    0x19,0xd4,0x21,0x34,0x32,0xd4,0x21,0xd4,0x21,0x14,0x22,0xd4,0x21,0xd4,0x21,0xd4,
    0x21,0xd4,0x21,0xd4,0x21,0xd4,0x21,0x55,0x2a,0x55,0x2a,0x55,0x2a,0xb7,0x3a,0xb7,
    0x3a,0x74,0x32,0xf1,0x42,0xf1,0x42,0x01,0x00,0x00,0x00,0x00,0x00,0x00,0x00,0x00,
    0x00,0xf0,0x42,0x58,0x6c,0x34,0x33,0xb2,0x2a,0x34,0x33,0xb2,0x2a,0xcf,0x19,0x71,
    0x22,0xcf,0x19,0x10,0x22,0x10,0x22,0xb2,0x2a,0x71,0x22,0xb2,0x2a,0xb9,0x4b,0x98,
    0x3b,0xb5,0x2a,0x59,0x43,0x7f,0x85,0x19,0x5c,0x98,0x53,0x37,0x5b,0x99,0x63,0x17,
    0x4b,0x99,0x53,0x3b,0x64,0x7f,0x85,0x1e,0x75,0x1e,0x75,0xdd,0x6c,0x1e,0x75,0xda,
    0x4b,0x5a,0x4b,0x5a,0x4b,0x5a,0x4b,0x9b,0x5b,0xdc,0x63,0x9b,0x5b,0xdc,0x63,0xf9,
    0x4a,0xb4,0x31,0xb4,0x31,0xd3,0x29,0x14,0x3a,0x52,0x39,0xb3,0x39,0x52,0x39,0xd3,
    0x41,0xd4,0x49,0x10,0x31,0x92,0x39,0x0f,0x21,0x51,0x31,0x92,0x39,0x92,0x39,0x51,
    0x31,0x51,0x31,0x92,0x39,0x51,0x31,0x51,0x31,0x10,0x31,0x0f,0x21,0xcd,0x10,0xee,
    0x18,0xee,0x18,0x0f,0x21,0x0f,0x21,0xcd,0x10,0x0f,0x21,0xee,0x18,0x0f,0x21,0xcf,
    0x18,0x9e,0x11,0x21,0x11,0x21,0xcf,0x18,0x11,0x21,0x52,0x29,0x11,0x21,0xd2,0x39,
    0xd2,0x39,0x5c,0x7c,0x7f,0xb5,0xdf,0x9d,0xdf,0x9d,0xdf,0x9d,0x9f,0xbe,0x9f,0xbe,
    0x9f,0xbe,0x70,0x29,0xd2,0x39,0xd3,0x41,0xd2,0x39,0x52,0x32,0xbc,0x74,0x9f,0xa6,
    0x1e,0x86,0xbf,0x96,0x1e,0x86,0x1a,0x65,0xb4,0x53,0x84,0x08,0x00,0x00,0x23,0x00,
    0x00,0x9c,0xa5,0x10,0x48,0x19,0x51,0x5a,0xf5,0x62,0xf4,0x51,0x95,0x41,0x36,0x49,
    0x57,0x49,0x95,0x41,0x95,0x41,0x95,0x41,0x95,0x41,0x34,0x39,0x33,0x29,0x95,0x39,
    0x95,0x41,0xd4,0x49,0xf4,0x51,0xf4,0x51,0xf4,0x51,0x96,0x72,0xb0,0x51,0xb0,0x51,
    0x43,0x08,0x43,0x08,0x22,0x00,0x01,0x00,0x00,0x00,0x15,0x00,0x00,0x8d,0x43,0x08,
    0x43,0x08,0x43,0x08,0x68,0x18,0x68,0x18,0x89,0x18,0x89,0x18,0x89,0x18,0x89,0x18,
    0x89,0x18,0x68,0x18,0x68,0x18,0x00,0x00,0x2c,0x00,0x00,0x98,0x22,0x00,0x85,0x10,
    0x85,0x10,0xc9,0x20,0xc9,0x18,0x0e,0x21,0x0e,0x21,0x11,0x21,0x11,0x21,0xef,0x28,
    0x52,0x29,0x52,0x29,0x52,0x29,0x11,0x21,0x52,0x29,0x52,0x29,0xd3,0x29,0xf3,0x29,
    0x74,0x32,0x0e,0x21,0xce,0x39,0xcb,0x29,0x22,0x00,0x00,0x00,0x35,0x00,0x00,0x96,
    0x01,0x00,0xa5,0x10,0xcb,0x29,0x8c,0x19,0x12,0x22,0x19,0x5c,0xdd,0x6c,0xfc,0x64,
    0x5a,0x54,0x39,0x4c,0x39,0x4c,0x97,0x33,0x39,0x4c,0xf8,0x43,0x98,0x3b,0xfc,0x64,
    0x95,0x43,0xb4,0x53,0xf0,0x42,0x84,0x08,0x01,0x00,0x00,0x00,0x2c,0x00,0x00,0xff,
    0xcb,0x29,0xf5,0x62,0x36,0x2a,0x36,0x2a,0x36,0x2a,0x36,0x2a,0x14,0x22,0x14,0x22,
    0xf3,0x29,0x55,0x32,0x13,0x22,0x13,0x22,0x12,0x1a,0x91,0x11,0x11,0x1a,0x11,0x1a,
    0x11,0x1a,0xcf,0x19,0x93,0x32,0x13,0x22,0x13,0x22,0x13,0x22,0x13,0x22,0x13,0x22,
    0xd4,0x21,0xd3,0x21,0xd4,0x21,0x14,0x22,0x14,0x22,0x14,0x22,0x14,0x22,0x14,0x22,
    0x55,0x2a,0x55,0x2a,0x74,0x22,0x14,0x22,0x74,0x22,0x55,0x2a,0x55,0x2a,0x74,0x32,
    0x12,0x22,0x11,0x2a,0x8c,0x19,0x6a,0x19,0xcb,0x29,0x84,0x08,0xcb,0x29,0x00,0x00,
    0x00,0x00,0x00,0x00,0x00,0x00,0x00,0x00,0x00,0x00,0x00,0x00,0x00,0x00,0x00,0x00,
    0xf4,0x63,0xd6,0x5b,0x55,0x3b,0xb2,0x2a,0xb2,0x2a,0xb2,0x2a,0xb2,0x2a,0x34,0x33,
    0x34,0x33,0x34,0x33,0xf6,0x4b,0xf6,0x4b,0xf6,0x32,0xf6,0x32,0xb2,0x2a,0x50,0x32,
    0xa7,0x18,0x48,0x19,0x5c,0x7c,0xce,0x39,0x90,0x49,0xf4,0x51,0xd4,0x49,0x35,0x4a,
    0x76,0x4a,0x14,0x3a,0xd3,0x29,0x55,0x32,0xb7,0x3a,0x3d,0x6c,0x1e,0x75,0x3d,0x6c,
    0x3d,0x6c,0xbd,0x74,0xdc,0x63,0x1a,0x53,0x56,0x3a,0xd3,0x29,0xb8,0x4a,0x55,0x42,
    0xb3,0x39,0x52,0x39,0xd4,0x49,0xb3,0x39,0x52,0x39,0xd4,0x49,0xd4,0x49,0xd3,0x41,
    0x92,0x39,0x51,0x31,0x51,0x31,0x10,0x31,0x11,0x39,0x52,0x39,0x10,0x31,0x10,0x31,
    0x51,0x31,0x0f,0x21,0x51,0x31,0x92,0x39,0xd4,0x49,0x10,0x31,0x10,0x31,0x0f,0x21,
    0xee,0x18,0xee,0x18,0xee,0x18,0x0f,0x21,0x0f,0x21,0xee,0x18,0x0f,0x21,0x9b,0x51,
    0x31,0x11,0x21,0x10,0x31,0x11,0x39,0x11,0x39,0xb7,0x71,0x1b,0x8b,0x78,0x73,0x57,
    0x72,0x7f,0xb5,0x7f,0xb5,0x7f,0xb5,0xdf,0x9d,0x7c,0x7d,0x7c,0x7d,0x1f,0xb7,0x1f,
    0xb7,0x1f,0xb7,0x1f,0xb7,0xbf,0x96,0xbf,0x96,0xbf,0x96,0x1e,0x86,0xfb,0x8d,0xf0,
    0x42,0x42,0x08,0x00,0x00,0x29,0x00,0x00,0x90,0x42,0x08,0x84,0x08,0xa5,0x10,0xa5,
    0x10,0xa5,0x10,0xa5,0x10,0xa5,0x10,0x84,0x08,0x84,0x08,0x42,0x08,0x42,0x08,0x84,
    0x08,0x84,0x08,0x22,0x00,0x01,0x00,0x00,0x00,0x5a,0x00,0x00,0x92,0x22,0x00,0x85,
    0x10,0xc9,0x20,0xc9,0x18,0x22,0x00,0xa7,0x18,0x30,0x31,0x30,0x31,0x30,0x31,0xc9,
    0x18,0x51,0x29,0x51,0x29,0x51,0x29,0x8c,0x19,0xc9,0x18,0xcb,0x29,0x22,0x00,0x00,
    0x00,0x39,0x00,0x00,0x92,0x01,0x00,0x84,0x08,0x6a,0x19,0x8c,0x19,0x58,0x64,0xfc,
    0x64,0xfc,0x64,0xf8,0x43,0x39,0x4c,0x9a,0x54,0x58,0x4c,0x3b,0x6d,0xf0,0x42,0x50,
    0x32,0xf1,0x42,0x89,0x21,0x84,0x08,0x00,0x00,0x2e,0x00,0x00,0xff,0x42,0x08,0x48,
    0x19,0x17,0x43,0x55,0x2a,0x14,0x22,0x36,0x2a,0xd4,0x21,0xd4,0x21,0xd4,0x21,0xd3,
    0x21,0x13,0x22,0x13,0x22,0xb2,0x19,0x30,0x19,0xb2,0x19,0x14,0x2a,0x14,0x2a,0x34,
    0x32,0x13,0x22,0xd3,0x21,0xd3,0x21,0xd3,0x21,0xd3,0x21,0xd3,0x21,0x14,0x22,0x34,
    0x32,0x12,0x22,0x12,0x22,0x12,0x22,0x11,0x2a,0x11,0x2a,0x12,0x22,0x12,0x22,0x12,
    0x22,0x12,0x22,0x12,0x22,0x12,0x22,0x11,0x2a,0x8c,0x19,0x8c,0x19,0x6a,0x19,0xa7,
    0x18,0x48,0x19,0x42,0x08,0x42,0x08,0x00,0x00,0x00,0x00,0x00,0x00,0x00,0x00,0x00,
    0x00,0x00,0x00,0x00,0x00,0x00,0x00,0x00,0x00,0x00,0x00,0x00,0x00,0x84,0x08,0x2c,
    0x32,0x57,0x64,0x34,0x3b,0x55,0x3b,0xb2,0x2a,0xf4,0x2a,0x34,0x33,0x71,0x22,0x95,
    0x43,0x34,0x3b,0x50,0x32,0x6a,0x19,0x6a,0x19,0x48,0x19,0x06,0x19,0x00,0x00,0x00,
    0x00,0x01,0x00,0x42,0x08,0x06,0x19,0xe8,0x28,0xb0,0x51,0x90,0x49,0x77,0x5a,0x77,
    0x5a,0x76,0x4a,0x55,0x42,0xb3,0x39,0xb4,0x31,0x56,0x3a,0xf9,0x4a,0xd8,0x3a,0xb4,
    0x31,0x56,0x3a,0xb4,0x31,0xb4,0x31,0xb3,0x39,0x11,0x21,0xd4,0x49,0xd4,0x49,0x52,
    0x29,0xd4,0x49,0xd3,0x41,0xd4,0x49,0xd4,0x49,0xd4,0x49,0x35,0x4a,0x52,0x39,0x52,
    0x39,0x92,0x39,0x52,0x39,0x11,0x39,0x11,0x39,0x11,0x39,0x52,0x39,0x10,0x31,0x10,
    0x31,0x51,0x31,0x51,0x31,0x52,0x39,0x52,0x39,0xd4,0x49,0x73,0x49,0x52,0x39,0x10,
    0x31,0xee,0x18,0xee,0x18,0xee,0x18,0xee,0x18,0x0f,0x21,0x9a,0x0f,0x21,0x0f,0x21,
    0xcf,0x30,0xd0,0x38,0x1b,0x8b,0x1b,0x8b,0x57,0x72,0x57,0x72,0x1b,0x8b,0x78,0x73,
    0x7f,0xb5,0x9f,0xbe,0x99,0x64,0x7c,0x7d,0x7c,0x7d,0x7c,0x7d,0x9f,0xa6,0xbf,0x96,
    0xbf,0x96,0xbf,0x96,0xbf,0x96,0x1a,0x65,0xf8,0x74,0x48,0x19,0x84,0x08,0x00,0x00,
    0x7f,0x00,0x00,0x1b,0x00,0x00,0x86,0x01,0x00,0x01,0x00,0x01,0x00,0x01,0x00,0x01,
    0x00,0x00,0x00,0x43,0x00,0x00,0x8a,0x84,0x08,0xa5,0x10,0x48,0x19,0xcb,0x29,0xf0,
    0x42,0x51,0x53,0x2c,0x32,0x89,0x21,0x84,0x08,0x00,0x00,0x34,0x00,0x00,0xa4,0xce,
    0x39,0xce,0x39,0x56,0x3a,0x36,0x2a,0xd4,0x21,0x14,0x22,0xd4,0x21,0xf3,0x29,0xb2,
    0x19,0xb2,0x19,0x34,0x32,0x34,0x32,0xd3,0x21,0xd3,0x21,0xd3,0x21,0xd3,0x21,0x96,
    0x32,0x14,0x2a,0x14,0x2a,0xd3,0x21,0x12,0x1a,0x12,0x22,0x12,0x22,0x11,0x2a,0x8c,
    0x19,0x6a,0x19,0xcb,0x29,0x48,0x19,0x48,0x19,0xa5,0x10,0xa5,0x10,0x84,0x08,0x42,
    0x08,0x42,0x08,0x42,0x08,0x00,0x00,0x16,0x00,0x00,0xdb,0x89,0x21,0x2c,0x32,0x42,
    0x08,0xcb,0x29,0x48,0x19,0x89,0x21,0x42,0x08,0x00,0x00,0x00,0x00,0x00,0x00,0x00,
    0x00,0x00,0x00,0x00,0x00,0x00,0x00,0x00,0x00,0x00,0x00,0x00,0x00,0x00,0x00,0x42,
    0x08,0x42,0x08,0x84,0x08,0xce,0x49,0x4a,0x39,0x57,0x72,0xd6,0x61,0x57,0x72,0xb5,
    0x61,0x74,0x51,0x95,0x39,0xb3,0x39,0xb3,0x39,0x33,0x29,0x33,0x29,0xb3,0x39,0x35,
    0x4a,0x52,0x29,0x52,0x39,0xd3,0x41,0x51,0x31,0x35,0x4a,0x77,0x5a,0x35,0x4a,0x35,
    0x4a,0x35,0x4a,0xd4,0x49,0xd4,0x49,0xd4,0x49,0xd4,0x49,0x52,0x39,0x52,0x39,0x52,
    0x39,0xd4,0x49,0x52,0x39,0xd4,0x49,0x34,0x39,0x34,0x39,0xf2,0x38,0x34,0x39,0x36,
    0x49,0x34,0x39,0x57,0x49,0x17,0x5a,0x57,0x49,0x17,0x5a,0x17,0x5a,0x17,0x5a,0x79,
    0x72,0x78,0x6a,0x1b,0x8b,0x1b,0x8b,0xfe,0xa3,0xfe,0xa3,0xb5,0x61,0xb5,0x61,0x96,
    0x72,0x4a,0x39,0xce,0x39,0xce,0x39,0xf1,0x42,0xf1,0x42,0xf8,0x74,0xfb,0x8d,0xfb,
    0x8d,0xfb,0x8d,0x1a,0x65,0xd6,0x5b,0xf0,0x42,0x51,0x53,0x84,0x08,0x42,0x08,0x00,
    0x00,0x7f,0x00,0x00,0x7f,0x00,0x00,0x25,0x00,0x00,0x9b,0x84,0x08,0xce,0x39,0x56,
    0x3a,0x36,0x2a,0x36,0x2a,0x72,0x21,0xd4,0x21,0xf3,0x29,0xb2,0x19,0xb2,0x19,0x34,
    0x32,0x34,0x32,0xd3,0x21,0xd3,0x21,0xd3,0x21,0xd3,0x21,0x13,0x22,0x14,0x2a,0x14,
    0x2a,0xd3,0x21,0x12,0x1a,0x50,0x32,0xce,0x39,0x48,0x19,0x06,0x19,0x42,0x08,0x00,
    0x00,0x21,0x00,0x00,0xd7,0x42,0x08,0x00,0x00,0x89,0x21,0x00,0x00,0x00,0x00,0x00,
    0x00,0x00,0x00,0x00,0x00,0x00,0x00,0x00,0x00,0x00,0x00,0x00,0x00,0x00,0x00,0x00,
    0x00,0x00,0x00,0x00,0x00,0x00,0x00,0x00,0x00,0x42,0x08,0x84,0x08,0x4c,0x39,0xce,
    0x49,0x79,0x8b,0x57,0x72,0xb5,0x61,0x74,0x51,0x95,0x39,0xb3,0x39,0xb3,0x39,0x33,
    0x29,0x11,0x21,0xb3,0x39,0x52,0x29,0x52,0x29,0x52,0x39,0xd3,0x41,0xd3,0x41,0x92,
    0x39,0xd3,0x41,0x52,0x39,0x52,0x39,0x35,0x4a,0xd4,0x49,0xd4,0x49,0xd4,0x49,0xd4,
    0x49,0x52,0x39,0x52,0x39,0x52,0x39,0xd4,0x49,0xd4,0x49,0x95,0x41,0x34,0x39,0x34,
    0x39,0x36,0x49,0x36,0x49,0x36,0x49,0x34,0x39,0x57,0x49,0x57,0x49,0x57,0x49,0x57,
    0x49,0x78,0x6a,0x17,0x5a,0x13,0x41,0xd6,0x61,0x1b,0x8b,0x1b,0x8b,0xfe,0xa3,0x96,
    0x72,0x32,0x62,0x51,0x5a,0x4a,0x39,0x4a,0x39,0x22,0x00,0x01,0x00,0x22,0x00,0xa5,
    0x10,0x89,0x21,0x2c,0x32,0x2c,0x32,0x51,0x53,0xcb,0x29,0x89,0x21,0x06,0x19,0x42,
    0x08,0x00,0x00,0x7f,0x00,0x00,0x7f,0x00,0x00,0x29,0x00,0x00,0x94,0xcb,0x29,0x11,
    0x2a,0x36,0x2a,0x36,0x2a,0x14,0x22,0x36,0x2a,0xd4,0x21,0xd4,0x21,0xb2,0x19,0xd3,
    0x21,0xd4,0x21,0x14,0x22,0xd3,0x21,0x13,0x22,0xb2,0x19,0x74,0x32,0x13,0x22,0x48,
    0x19,0xcb,0x29,0x00,0x00,0x3d,0x00,0x00,0xaf,0x22,0x00,0xce,0x49,0xf4,0x51,0xd5,
    0x51,0x73,0x49,0x73,0x49,0x52,0x39,0x52,0x39,0x52,0x39,0x95,0x39,0xd4,0x49,0x35,
    0x4a,0x52,0x39,0xd4,0x49,0xd3,0x41,0x35,0x4a,0xd4,0x49,0xd4,0x49,0x11,0x39,0x52,
    0x39,0x11,0x39,0x52,0x39,0x74,0x51,0x13,0x41,0x13,0x41,0x13,0x41,0xf2,0x38,0x34,
    0x39,0x95,0x41,0x95,0x41,0x36,0x49,0x57,0x49,0x36,0x49,0x57,0x49,0x57,0x49,0x57,
    0x49,0x57,0x49,0x57,0x49,0x57,0x49,0x36,0x49,0xb5,0x61,0x96,0x72,0x79,0x8b,0x4a,
    0x39,0x4a,0x39,0x42,0x08,0x00,0x00,0x7f,0x00,0x00,0x7f,0x00,0x00,0x3a,0x00,0x00,
    0x93,0x01,0x00,0x50,0x32,0x74,0x32,0x14,0x22,0x34,0x32,0x55,0x2a,0xd4,0x21,0xd4,
    0x21,0x14,0x22,0x13,0x22,0xd3,0x21,0x74,0x22,0x74,0x22,0x12,0x22,0x11,0x2a,0xa5,
    0x10,0x48,0x19,0x01,0x00,0x00,0x00,0x3f,0x00,0x00,0xac,0x22,0x00,0x32,0x62,0x96,
    0x72,0x73,0x49,0x92,0x59,0x13,0x41,0xd5,0x51,0xf2,0x38,0xd4,0x49,0xd5,0x51,0xd5,
    0x51,0xd4,0x49,0xd4,0x49,0xd4,0x49,0x74,0x51,0xd4,0x49,0xd5,0x51,0xd5,0x51,0xd6,
    0x61,0x74,0x51,0xd6,0x61,0xd6,0x61,0xd6,0x61,0xd6,0x61,0xd6,0x61,0x74,0x51,0x74,
    0x51,0x74,0x51,0x74,0x51,0x36,0x49,0x36,0x49,0x36,0x49,0x36,0x49,0x36,0x49,0x57,
    0x49,0x57,0x49,0x36,0x49,0xb5,0x61,0x96,0x72,0x4a,0x39,0x51,0x5a,0x4a,0x39,0x42,
    0x08,0x00,0x00,0x7f,0x00,0x00,0x7f,0x00,0x00,0x3e,0x00,0x00,0x8e,0x43,0x08,0x6a,
    0x19,0x34,0x3b,0x50,0x32,0xb7,0x3a,0xb7,0x3a,0x96,0x32,0x93,0x32,0x12,0x22,0x50,
    0x32,0x50,0x32,0xa7,0x18,0x43,0x08,0x00,0x00,0x44,0x00,0x00,0xa6,0x22,0x00,0x4c,
    0x39,0x96,0x72,0x94,0x61,0xd2,0x50,0xd2,0x50,0xd1,0x40,0x75,0x59,0x74,0x51,0x74,
    0x51,0x13,0x41,0x13,0x41,0x13,0x41,0x13,0x41,0x13,0x41,0xd2,0x40,0xf3,0x50,0xf3,
    0x50,0xf3,0x50,0xf3,0x50,0xb7,0x71,0xd2,0x50,0xd2,0x50,0xf3,0x50,0xf3,0x50,0x75,
    0x59,0x75,0x59,0xb7,0x71,0xd6,0x61,0x14,0x59,0x75,0x59,0x94,0x61,0x92,0x59,0x51,
    0x5a,0x51,0x5a,0xa7,0x18,0x01,0x00,0x00,0x00,0x7f,0x00,0x00,0x7f,0x00,0x00,0x43,
    0x00,0x00,0x8b,0x01,0x00,0xc9,0x20,0x50,0x32,0x50,0x32,0xb7,0x3a,0x50,0x32,0x50,
    0x32,0x12,0x22,0xa7,0x18,0x85,0x10,0x00,0x00,0x47,0x00,0x00,0xa3,0x43,0x08,0xa7,
    0x18,0x96,0x72,0x1b,0x8b,0x94,0x61,0xd2,0x50,0x75,0x59,0x74,0x51,0xb7,0x71,0x74,
    0x51,0x74,0x51,0x13,0x41,0x13,0x41,0x13,0x41,0xd2,0x40,0xf3,0x50,0xf3,0x50,0xd2,
    0x50,0xf3,0x50,0x75,0x59,0xd2,0x50,0xd2,0x50,0xb7,0x71,0x75,0x59,0x75,0x59,0xd6,
    0x61,0xb7,0x71,0x75,0x59,0x13,0x62,0x32,0x62,0xce,0x49,0x4a,0x39,0x06,0x19,0x22,
    0x00,0x00,0x00,0x7f,0x00,0x00,0x7f,0x00,0x00,0x7f,0x00,0x00,0x1a,0x00,0x00,0x9b,
    0x22,0x00,0x85,0x10,0x32,0x62,0x13,0x62,0x57,0x72,0x75,0x59,0xb7,0x71,0x14,0x59,
    0xf3,0x50,0x14,0x59,0x75,0x59,0x14,0x59,0x14,0x59,0x14,0x59,0x14,0x59,0x14,0x59,
    0x14,0x59,0x14,0x59,0x92,0x59,0x92,0x59,0x96,0x72,0x32,0x62,0xe8,0x28,0xa7,0x18,
    0x43,0x08,0x22,0x00,0x00,0x00,0x7f,0x00,0x00,0x7f,0x00,0x00,0x7f,0x00,0x00,0x22,
    0x00,0x00,0x96,0xa5,0x10,0xe8,0x28,0xce,0x49,0x32,0x62,0xe8,0x28,0xe8,0x28,0x92,
    0x59,0x92,0x59,0x92,0x59,0x92,0x59,0x92,0x59,0x13,0x62,0x32,0x62,0x32,0x62,0xce,
    0x49,0xce,0x49,0xe8,0x28,0xa7,0x18,0x85,0x10,0x43,0x08,0x01,0x00,0x00,0x00,0x7f,
    0x00,0x00,0x7f,0x00,0x00,0x7f,0x00,0x00,0x2b,0x00,0x00,0x86,0x01,0x00,0x01,0x00,
    0x01,0x00,0x01,0x00,0x01,0x00,0x00,0x00,0x7f,0x00,0x00,0x7f,0x00,0x00,0x7f,0x00,
    0x00,0x7f,0x00,0x00,0x7f,0x00,0x00,0x7f,0x00,0x00,0x7f,0x00,0x00,0x7f,0x00,0x00,
    0x7f,0x00,0x00,0x7f,0x00,0x00,0x7f,0x00,0x00,0x7f,0x00,0x00,0x7f,0x00,0x00,0x7f,
    0x00,0x00,0x7f,0x00,0x00,0x7f,0x00,0x00,0x7f,0x00,0x00,0x7f,0x00,0x00,0x7f,0x00,
    0x00,0x7f,0x00,0x00,0x7f,0x00,0x00,0x7f,0x00,0x00,0x7f,0x00,0x00,0x7f,0x00,0x00,
    0x7f,0x00,0x00,0x7f,0x00,0x00,0x7f,0x00,0x00,0x7f,0x00,0x00,0x7f,0x00,0x00,0x7f,
    0x00,0x00,0x7f,0x00,0x00,0x7f,0x00,0x00,0x7f,0x00,0x00,0x7f,0x00,0x00,0x7f,0x00,
    0x00,0x7f,0x00,0x00,0x7f,0x00,0x00,0x7f,0x00,0x00,0x7f,0x00,0x00,0x7f,0x00,0x00,
    0x7f,0x00,0x00,0x7f,0x00,0x00,0x7f,0x00,0x00,0x7f,0x00,0x00,0x7f,0x00,0x00,0x7f,
    0x00,0x00,0x7f,0x00,0x00,0x7f,0x00,0x00,0x7f,0x00,0x00,0x7f,0x00,0x00,0x7f,0x00,
    0x00,0x7f,0x00,0x00,0x7f,0x00,0x00,0x7f,0x00,0x00,0x7f,0x00,0x00,0x7f,0x00,0x00,
    0x7f,0x00,0x00,0x7f,0x00,0x00,0x7f,0x00,0x00,0x7f,0x00,0x00,0x7f,0x00,0x00,0x7f,
    0x00,0x00,0x7f,0x00,0x00,0x7f,0x00,0x00,0x7f,0x00,0x00,0x7f,0x00,0x00,0x7f,0x00,
    0x00,0x7f,0x00,0x00,0x7f,0x00,0x00,0x7f,0x00,0x00,0x7f,0x00,0x00,0x7f,0x00,0x00,
    0x7f,0x00,0x00,0x7f,0x00,0x00,0x7f,0x00,0x00,0x7f,0x00,0x00,0x7f,0x00,0x00,0x7f,
    0x00,0x00,0x7f,0x00,0x00,0x7f,0x00,0x00,0x7f,0x00,0x00,0x7f,0x00,0x00,0x7f,0x00,
    0x00,0x7f,0x00,0x00,0x7f,0x00,0x00,0x7f,0x00,0x00,0x7f,0x00,0x00,0x7f,0x00,0x00,
    0x7f,0x00,0x00,0x7f,0x00,0x00,0x7f,0x00,0x00,0x7f,0x00,0x00,0x7f,0x00,0x00,0x7f,
    0x00,0x00,0x7f,0x00,0x00,0x7f,0x00,0x00,0x7f,0x00,0x00,0x7f,0x00,0x00,0x7f,0x00,
    0x00,0x7f,0x00,0x00,0x7f,0x00,0x00,0x7f,0x00,0x00,0x7f,0x00,0x00,0x7f,0x00,0x00,
    0x7f,0x00,0x00,0x7f,0x00,0x00,0x7f,0x00,0x00,0x7f,0x00,0x00,0x7f,0x00,0x00,0x7f,
    0x00,0x00,0x7f,0x00,0x00,0x7f,0x00,0x00,0x7f,0x00,0x00,0x7f,0x00,0x00,0x7f,0x00,
    0x00,0x7f,0x00,0x00,0x7f,0x00,0x00,0x7f,0x00,0x00,0x7f,0x00,0x00,0x7f,0x00,0x00,
    0x7f,0x00,0x00,0x7f,0x00,0x00,0x7f,0x00,0x00,0x7f,0x00,0x00,0x7f,0x00,0x00,0x7f,
    0x00,0x00,0x7f,0x00,0x00,0x7f,0x00,0x00,0x7f,0x00,0x00,0x7f,0x00,0x00,0x7f,0x00,
    0x00,0x7f,0x00,0x00,0x7f,0x00,0x00,0x7f,0x00,0x00,0x7f,0x00,0x00,0x7f,0x00,0x00,
    0x7f,0x00,0x00,0x7f,0x00,0x00,0x7f,0x00,0x00,0x7f,0x00,0x00,0x7f,0x00,0x00,0x7f,
    0x00,0x00,0x7f,0x00,0x00,0x7f,0x00,0x00,0x7f,0x00,0x00,0x7f,0x00,0x00,0x7f,0x00,
    0x00,0x7f,0x00,0x00,0x7f,0x00,0x00,0x7f,0x00,0x00,0x7f,0x00,0x00,0x7f,0x00,0x00,
    0x7f,0x00,0x00,0x7f,0x00,0x00,0x7f,0x00,0x00,0x7f,0x00,0x00,0x7f,0x00,0x00,0x7f,
    0x00,0x00,0x7f,0x00,0x00,0x7f,0x00,0x00,0x7f,0x00,0x00,0x7f,0x00,0x00,0x7f,0x00,
    0x00,0x7f,0x00,0x00,0x7f,0x00,0x00,0x7f,0x00,0x00,0x7f,0x00,0x00,0x7f,0x00,0x00,
    0x7f,0x00,0x00,0x7f,0x00,0x00,0x7f,0x00,0x00,0x7f,0x00,0x00,0x7f,0x00,0x00,0x7f,
    0x00,0x00,0x7f,0x00,0x00,0x7f,0x00,0x00,0x7f,0x00,0x00,0x7f,0x00,0x00,0x7f,0x00,
    0x00,0x7f,0x00,0x00,0x7f,0x00,0x00,0x7f,0x00,0x00,0x7f,0x00,0x00,0x7f,0x00,0x00,
    0x7f,0x00,0x00,0x7f,0x00,0x00,0x7f,0x00,0x00,0x7f,0x00,0x00,0x7f,0x00,0x00,0x7f,
    0x00,0x00,0x7f,0x00,0x00,0x7f,0x00,0x00,0x7f,0x00,0x00,0x7f,0x00,0x00,0x7f,0x00,
    0x00,0x7f,0x00,0x00,0x7f,0x00,0x00,0x7f,0x00,0x00,0x7f,0x00,0x00,0x7f,0x00,0x00,
    0x7f,0x00,0x00,0x7f,0x00,0x00,0x7f,0x00,0x00,0x7f,0x00,0x00,0x7f,0x00,0x00,0x7f,
    0x00,0x00,0x7f,0x00,0x00,0x7f,0x00,0x00,0x7f,0x00,0x00,0x7f,0x00,0x00,0x7f,0x00,
    0x00,0x7f,0x00,0x00,0x7f,0x00,0x00,0x7f,0x00,0x00,0x7f,0x00,0x00,0x7f,0x00,0x00,
    0x7f,0x00,0x00,0x7f,0x00,0x00,0x7f,0x00,0x00,0x7f,0x00,0x00,0x7f,0x00,0x00,0x7f,
    0x00,0x00,0x7f,0x00,0x00,0x7f,0x00,0x00,0x7f,0x00,0x00,0x7f,0x00,0x00,0x7f,0x00,
    0x00,0x7f,0x00,0x00,0x7f,0x00,0x00,0x7f,0x00,0x00,0x7f,0x00,0x00,0x7f,0x00,0x00,
    0x7f,0x00,0x00,0x7f,0x00,0x00,0x7f,0x00,0x00,0x7f,0x00,0x00,0x7f,0x00,0x00,0x7f,
    0x00,0x00,0x7f,0x00,0x00,0x7f,0x00,0x00,0x7f,0x00,0x00,0x7f,0x00,0x00,0x7f,0x00,
    0x00,0x7f,0x00,0x00,0x7f,0x00,0x00,0x7f,0x00,0x00,0x7f,0x00,0x00,0x7f,0x00,0x00,
    0x7f,0x00,0x00,0x7f,0x00,0x00,0x7f,0x00,0x00,0x7f,0x00,0x00,0x7f,0x00,0x00,0x7f,
    0x00,0x00,0x7f,0x00,0x00,0x7f,0x00,0x00,0x7f,0x00,0x00,0x7f,0x00,0x00,0x7f,0x00,
    0x00,0x7f,0x00,0x00,0x7f,0x00,0x00,0x7f,0x00,0x00,0x7f,0x00,0x00,0x7f,0x00,0x00,
    0x7f,0x00,0x00,0x7f,0x00,0x00,0x7f,0x00,0x00,0x7f,0x00,0x00,0x7f,0x00,0x00,0x7f,
    0x00,0x00,0x7f,0x00,0x00,0x7f,0x00,0x00,0x7f,0x00,0x00,0x7f,0x00,0x00,0x7f,0x00,
    0x00,0x7f,0x00,0x00,0x7f,0x00,0x00,0x7f,0x00,0x00,0x7f,0x00,0x00,0x7f,0x00,0x00,
    0x7f,0x00,0x00,0x7f,0x00,0x00,0x7f,0x00,0x00,0x7f,0x00,0x00,0x7f,0x00,0x00,0x7f,
    0x00,0x00,0x7f,0x00,0x00,0x7f,0x00,0x00,0x7f,0x00,0x00,0x7f,0x00,0x00,0x7f,0x00,
    0x00,0x7f,0x00,0x00,0x7f,0x00,0x00,0x7f,0x00,0x00,0x7f,0x00,0x00,0x7f,0x00,0x00,
    0x7f,0x00,0x00,0x7f,0x00,0x00,0x7f,0x00,0x00,0x7f,0x00,0x00,0x7f,0x00,0x00,0x7f,
    0x00,0x00,0x7f,0x00,0x00,0x7f,0x00,0x00,0x7f,0x00,0x00,0x7f,0x00,0x00,0x7f,0x00,
    0x00,0x7f,0x00,0x00,0x7f,0x00,0x00,0x7f,0x00,0x00,0x7f,0x00,0x00,0x7f,0x00,0x00,
    0x7f,0x00,0x00,0x7f,0x00,0x00,0x7f,0x00,0x00,0x7f,0x00,0x00,0x7f,0x00,0x00,0x7f,
    0x00,0x00,0x7f,0x00,0x00,0x7f,0x00,0x00,0x7f,0x00,0x00,0x7f,0x00,0x00,0x7f,0x00,
    0x00,0x7f,0x00,0x00,0x7f,0x00,0x00,0x7f,0x00,0x00,0x7f,0x00,0x00,0x7f,0x00,0x00,
    0x7f,0x00,0x00,0x7f,0x00,0x00,0x7f,0x00,0x00,0x7f,0x00,0x00,0x7f,0x00,0x00,0x7f,
    0x00,0x00,0x7f,0x00,0x00,0x7f,0x00,0x00,0x7f,0x00,0x00,0x7f,0x00,0x00,0x7f,0x00,
    0x00,0x7f,0x00,0x00,0x7f,0x00,0x00,0x7f,0x00,0x00,0x7f,0x00,0x00,0x7f,0x00,0x00,
    0x7f,0x00,0x00,0x7f,0x00,0x00,0x7f,0x00,0x00,0x7f,0x00,0x00,0x7f,0x00,0x00,0x7f,
    0x00,0x00,0x7f,0x00,0x00,0x7f,0x00,0x00,0x7f,0x00,0x00,0x7f,0x00,0x00,0x7f,0x00,
    0x00,0x7f,0x00,0x00,0x7f,0x00,0x00,0x7f,0x00,0x00,0x7f,0x00,0x00,0x7f,0x00,0x00,
    0x7f,0x00,0x00,0x7f,0x00,0x00,0x7f,0x00,0x00,0x7f,0x00,0x00,0x7f,0x00,0x00,0x7f,
    0x00,0x00,0x7f,0x00,0x00,0x7f,0x00,0x00,0x7f,0x00,0x00,0x7f,0x00,0x00,0x7f,0x00,
    0x00,0x6e,0x00,0x00,

};

const lv_image_dsc_t waves_demo = {
  .header.magic = LV_IMAGE_HEADER_MAGIC,
  .header.cf = LV_COLOR_FORMAT_RGB565,
  .header.flags = 0 | LV_IMAGE_FLAGS_COMPRESSED,
  .header.w = 440,
  .header.h = 248,
  .header.stride = 880,
  .data_size = sizeof(waves_demo_map),
  .data = waves_demo_map,
};

